。゜（Ｔ＾Ｔ）゜。,1873,1873,4694,特殊,記号,*,*,。゜（Ｔ＾Ｔ）゜。,。゜（Ｔ＾Ｔ）゜。,顔文字
。°（ＴｏＴ）°。,1873,1873,4694,特殊,記号,*,*,。°（ＴｏＴ）°。,。°（ＴｏＴ）°。,顔文字
。ｏ＠（＾＿＾）＠ｏ。,1873,1873,4694,特殊,記号,*,*,。ｏ＠（＾＿＾）＠ｏ。,。ｏ＠（＾＿＾）＠ｏ。,顔文字
．．．　（゜Ｏ゜；）,1873,1873,4694,特殊,記号,*,*,．．．　（゜Ｏ゜；）,．．．　（゜Ｏ゜；）,顔文字
．．．（（（　＊−＊）,1873,1873,4694,特殊,記号,*,*,．．．（（（　＊−＊）,．．．（（（　＊−＊）,顔文字
・　∇　・；,1873,1873,7802,特殊,記号,*,*,・　∇　・；,・　∇　・；,顔文字
・・）,1873,1873,8341,特殊,記号,*,*,・・）,・・）,顔文字
：＾Ｄ,1873,1873,4694,特殊,記号,*,*,：＾Ｄ,：＾Ｄ,顔文字
：）,1873,1873,4694,特殊,記号,*,*,：）,：）,顔文字
：−／,1873,1873,4694,特殊,記号,*,*,：−／,：−／,顔文字
：−（,1873,1873,4694,特殊,記号,*,*,：−（,：−（,顔文字
：−）,1873,1873,4694,特殊,記号,*,*,：−）,：−）,顔文字
：−］,1873,1873,4694,特殊,記号,*,*,：−］,：−］,顔文字
：−｛｝,1873,1873,4694,特殊,記号,*,*,：−｛｝,：−｛｝,顔文字
：−＜,1873,1873,4694,特殊,記号,*,*,：−＜,：−＜,顔文字
：−＜＞,1873,1873,4694,特殊,記号,*,*,：−＜＞,：−＜＞,顔文字
：−＞,1873,1873,4694,特殊,記号,*,*,：−＞,：−＞,顔文字
：−＠,1873,1873,4694,特殊,記号,*,*,：−＠,：−＠,顔文字
：−Ｄ,1873,1873,4694,特殊,記号,*,*,：−Ｄ,：−Ｄ,顔文字
：−Ｏ,1873,1873,4694,特殊,記号,*,*,：−Ｏ,：−Ｏ,顔文字
：−Ｐ,1873,1873,4694,特殊,記号,*,*,：−Ｐ,：−Ｐ,顔文字
：−Ｑ,1873,1873,4694,特殊,記号,*,*,：−Ｑ,：−Ｑ,顔文字
：−Ｖ,1873,1873,4694,特殊,記号,*,*,：−Ｖ,：−Ｖ,顔文字
：−Ｘ,1873,1873,4694,特殊,記号,*,*,：−Ｘ,：−Ｘ,顔文字
；・ロ・）,1873,1873,4694,特殊,記号,*,*,；・ロ・）,；・ロ・）,顔文字
；＾＿＾Ａ,1873,1873,4694,特殊,記号,*,*,；＾＿＾Ａ,；＾＿＾Ａ,顔文字
；＾）,1873,1873,4694,特殊,記号,*,*,；＾）,；＾）,顔文字
；ゞ（｀´　）,1873,1873,4694,特殊,記号,*,*,；ゞ（｀´　）,；ゞ（｀´　）,顔文字
；−ロ−）,1873,1873,4694,特殊,記号,*,*,；−ロ−）,；−ロ−）,顔文字
；∂ロ∂）,1873,1873,4694,特殊,記号,*,*,；∂ロ∂）,；∂ロ∂）,顔文字
；δロδ）,1873,1873,4694,特殊,記号,*,*,；δロδ）,；δロδ）,顔文字
；бロб）,1873,1873,4694,特殊,記号,*,*,；бロб）,；бロб）,顔文字
？　（゜＿。）,1873,1873,4694,特殊,記号,*,*,？　（゜＿。）,？　（゜＿。）,顔文字
？＾．＾？,1873,1873,4694,特殊,記号,*,*,？＾．＾？,？＾．＾？,顔文字
？＾＾？,1873,1873,4694,特殊,記号,*,*,？＾＾？,？＾＾？,顔文字
？（＿。）,1873,1873,4694,特殊,記号,*,*,？（＿。）,？（＿。）,顔文字
？（＿＿！）？（！＿＿）？,1873,1873,4694,特殊,記号,*,*,？（＿＿！）？（！＿＿）？,？（＿＿！）？（！＿＿）？,顔文字
？（’．’）？,1873,1873,4694,特殊,記号,*,*,？（’．’）？,？（’．’）？,顔文字
？（ロ＿ロ）？,1873,1873,4694,特殊,記号,*,*,？（ロ＿ロ）？,？（ロ＿ロ）？,顔文字
！（。・・。）！,1873,1873,4694,特殊,記号,*,*,！（。・・。）！,！（。・・。）！,顔文字
！（＾＾）！,1873,1873,4694,特殊,記号,*,*,！（＾＾）！,！（＾＾）！,顔文字
！（￣∇￣　；）,1873,1873,4694,特殊,記号,*,*,！（￣∇￣　；）,！（￣∇￣　；）,顔文字
！（∂▼∂）！,1873,1873,4694,特殊,記号,*,*,！（∂▼∂）！,！（∂▼∂）！,顔文字
！Σ（￣□￣；,1873,1873,4694,特殊,記号,*,*,！Σ（￣□￣；,！Σ（￣□￣；,顔文字
！Σ（￣□￣；）,1873,1873,4694,特殊,記号,*,*,！Σ（￣□￣；）,！Σ（￣□￣；）,顔文字
！Σ（▼□▼メ）,1873,1873,4694,特殊,記号,*,*,！Σ（▼□▼メ）,！Σ（▼□▼メ）,顔文字
゛（・・,1873,1873,9018,特殊,記号,*,*,゛（・・,゛（・・,顔文字
゛（｀ヘ´＃）,1873,1873,9018,特殊,記号,*,*,゛（｀ヘ´＃）,゛（｀ヘ´＃）,顔文字
゜￣＞゜））＞＜,1873,1873,9018,特殊,記号,*,*,゜￣＞゜））＞＜,゜￣＞゜））＞＜,顔文字
＾＾；,1873,1873,8770,特殊,記号,*,*,＾＾；,＾＾；,顔文字
＾＾；）,1873,1873,8671,特殊,記号,*,*,＾＾；）,＾＾；）,顔文字
＾＾）,1873,1873,4694,特殊,記号,*,*,＾＾）,＾＾）,顔文字
＾＿＾,1873,1873,7359,特殊,記号,*,*,＾＿＾,＾＿＾,顔文字
＾＿＾　ｖ,1873,1873,4694,特殊,記号,*,*,＾＿＾　ｖ,＾＿＾　ｖ,顔文字
＾ｍ＾）,1873,1873,4694,特殊,記号,*,*,＾ｍ＾）,＾ｍ＾）,顔文字
＾ｏ＾,1873,1873,10964,特殊,記号,*,*,＾ｏ＾,＾ｏ＾,顔文字
￣（’｀；）,1873,1873,4694,特殊,記号,*,*,￣（’｀；）,￣（’｀；）,顔文字
￣（−仝−）￣,1873,1873,4694,特殊,記号,*,*,￣（−仝−）￣,￣（−仝−）￣,顔文字
￣（＝∵＝）￣,1873,1873,4694,特殊,記号,*,*,￣（＝∵＝）￣,￣（＝∵＝）￣,顔文字
￣（＞＿＜。）￣,1873,1873,4694,特殊,記号,*,*,￣（＞＿＜。）￣,￣（＞＿＜。）￣,顔文字
＿・）＿。ＯＦＦ,1873,1873,4694,特殊,記号,*,*,＿・）＿。ＯＦＦ,＿・）＿。ＯＦＦ,顔文字
＿・）／°ＯＮ,1873,1873,4694,特殊,記号,*,*,＿・）／°ＯＮ,＿・）／°ＯＮ,顔文字
＿（．＿．）＿,1873,1873,4694,特殊,記号,*,*,＿（．＿．）＿,＿（．＿．）＿,顔文字
＿（・・；φ,1873,1873,4694,特殊,記号,*,*,＿（・・；φ,＿（・・；φ,顔文字
＿−）））,1873,1873,4694,特殊,記号,*,*,＿−）））,＿−）））,顔文字
＿¢（；＿；　）,1873,1873,4694,特殊,記号,*,*,＿¢（；＿；　）,＿¢（；＿；　）,顔文字
ヽ（　´ー｀）ノ,1873,1873,7429,特殊,記号,*,*,ヽ（　´ー｀）ノ,ヽ（　´ー｀）ノ,顔文字
ヽ（　＾＾）〆,1873,1873,7429,特殊,記号,*,*,ヽ（　＾＾）〆,ヽ（　＾＾）〆,顔文字
ヽ（。＿゜）／,1873,1873,7429,特殊,記号,*,*,ヽ（。＿゜）／,ヽ（。＿゜）／,顔文字
ヽ（゜Ｑ。）の,1873,1873,7429,特殊,記号,*,*,ヽ（゜Ｑ。）の,ヽ（゜Ｑ。）の,顔文字
ヽ（゜Ｑ。）ノ,1873,1873,7429,特殊,記号,*,*,ヽ（゜Ｑ。）ノ,ヽ（゜Ｑ。）ノ,顔文字
ヽ（´−｀）／,1873,1873,7429,特殊,記号,*,*,ヽ（´−｀）／,ヽ（´−｀）／,顔文字
ヽ（´▽｀）／〜♪,1873,1873,7429,特殊,記号,*,*,ヽ（´▽｀）／〜♪,ヽ（´▽｀）／〜♪,顔文字
ヽ（´∇｀）ノ,1873,1873,7429,特殊,記号,*,*,ヽ（´∇｀）ノ,ヽ（´∇｀）ノ,顔文字
ヽ（´ｏ｀）ノ,1873,1873,7429,特殊,記号,*,*,ヽ（´ｏ｀）ノ,ヽ（´ｏ｀）ノ,顔文字
ヽ（＾。＾）丿,1873,1873,7429,特殊,記号,*,*,ヽ（＾。＾）丿,ヽ（＾。＾）丿,顔文字
ヽ（＾＾）（＾＾）／,1873,1873,7429,特殊,記号,*,*,ヽ（＾＾）（＾＾）／,ヽ（＾＾）（＾＾）／,顔文字
ヽ（＾＾）（＾＾）ノ,1873,1873,7429,特殊,記号,*,*,ヽ（＾＾）（＾＾）ノ,ヽ（＾＾）（＾＾）ノ,顔文字
ヽ（＾＿＿＿＿＾）ノ,1873,1873,7429,特殊,記号,*,*,ヽ（＾＿＿＿＿＾）ノ,ヽ（＾＿＿＿＿＾）ノ,顔文字
ヽ（￣▽￣）ノ,1873,1873,7429,特殊,記号,*,*,ヽ（￣▽￣）ノ,ヽ（￣▽￣）ノ,顔文字
ヽ（￣▼￣＊）ノ,1873,1873,7429,特殊,記号,*,*,ヽ（￣▼￣＊）ノ,ヽ（￣▼￣＊）ノ,顔文字
ヽ（°＿°＞）,1873,1873,7429,特殊,記号,*,*,ヽ（°＿°＞）,ヽ（°＿°＞）,顔文字
ヽ（＊＾＾＊）ノ,1873,1873,7429,特殊,記号,*,*,ヽ（＊＾＾＊）ノ,ヽ（＊＾＾＊）ノ,顔文字
ヽ（б。б？）ノ,1873,1873,7429,特殊,記号,*,*,ヽ（б。б？）ノ,ヽ（б。б？）ノ,顔文字
ヽ＠（ｏ・ェ・）＠ノ,1873,1873,7429,特殊,記号,*,*,ヽ＠（ｏ・ェ・）＠ノ,ヽ＠（ｏ・ェ・）＠ノ,顔文字
ヾ（・・；）,1873,1873,7429,特殊,記号,*,*,ヾ（・・；）,ヾ（・・；）,顔文字
ヾ（´ー｀　）ノ,1873,1873,7429,特殊,記号,*,*,ヾ（´ー｀　）ノ,ヾ（´ー｀　）ノ,顔文字
ヾ（＾＾へ）,1873,1873,7429,特殊,記号,*,*,ヾ（＾＾へ）,ヾ（＾＾へ）,顔文字
ヾ（＊　´∀｀＊）ノ”,1873,1873,8294,特殊,記号,*,*,ヾ（＊　´∀｀＊）ノ”,ヾ（＊　´∀｀＊）ノ”,顔文字
ゞ（｀’）、,1873,1873,9018,特殊,記号,*,*,ゞ（｀’）、,ゞ（｀’）、,顔文字
〃´＿｀〃,1873,1873,4694,特殊,記号,*,*,〃´＿｀〃,〃´＿｀〃,顔文字
〃｀＿´〃,1873,1873,4694,特殊,記号,*,*,〃｀＿´〃,〃｀＿´〃,顔文字
〃＾＿＾〃,1873,1873,4694,特殊,記号,*,*,〃＾＿＾〃,〃＾＿＾〃,顔文字
―（Ｔ＿Ｔ）→,1873,1873,4694,特殊,記号,*,*,―（Ｔ＿Ｔ）→,―（Ｔ＿Ｔ）→,顔文字
／￣,1873,1873,4694,特殊,記号,*,*,／￣,／￣,顔文字
／￣￣,1873,1873,4694,特殊,記号,*,*,／￣￣,／￣￣,顔文字
／￣￣￣,1873,1873,4694,特殊,記号,*,*,／￣￣￣,／￣￣￣,顔文字
／／・Ｌ・＼＼,1873,1873,4694,特殊,記号,*,*,／／・Ｌ・＼＼,／／・Ｌ・＼＼,顔文字
／（．＾．）＼,1873,1873,4694,特殊,記号,*,*,／（．＾．）＼,／（．＾．）＼,顔文字
／（＿−＿）ｌ　ｏｏＯＯ,1873,1873,4694,特殊,記号,*,*,／（＿−＿）ｌ　ｏｏＯＯ,／（＿−＿）ｌ　ｏｏＯＯ,顔文字
／−：,1873,1873,4694,特殊,記号,*,*,／−：,／−：,顔文字
／−；,1873,1873,4694,特殊,記号,*,*,／−；,／−；,顔文字
＼（。・ｏ◎）／,1873,1873,4694,特殊,記号,*,*,＼（。・ｏ◎）／,＼（。・ｏ◎）／,顔文字
＼（＾＾）／,1873,1873,4694,特殊,記号,*,*,＼（＾＾）／,＼（＾＾）／,顔文字
＼（＾＿＾）／,1873,1873,4694,特殊,記号,*,*,＼（＾＿＾）／,＼（＾＿＾）／,顔文字
＼（＾◇＾）,1873,1873,4694,特殊,記号,*,*,＼（＾◇＾）,＼（＾◇＾）,顔文字
＼（＾Ｏ＾）／,1873,1873,4694,特殊,記号,*,*,＼（＾Ｏ＾）／,＼（＾Ｏ＾）／,顔文字
＼（＾ｏ＾）／,1873,1873,7329,特殊,記号,*,*,＼（＾ｏ＾）／,＼（＾ｏ＾）／,顔文字
＼（￣ｏ￣）／,1873,1873,4694,特殊,記号,*,*,＼（￣ｏ￣）／,＼（￣ｏ￣）／,顔文字
＼（￣ε￣）／,1873,1873,4694,特殊,記号,*,*,＼（￣ε￣）／,＼（￣ε￣）／,顔文字
＼（＿＿　）,1873,1873,4694,特殊,記号,*,*,＼（＿＿　）,＼（＿＿　）,顔文字
＼（（；◎＿◎）／,1873,1873,4694,特殊,記号,*,*,＼（（；◎＿◎）／,＼（（；◎＿◎）／,顔文字
＼（＞◇＜）／,1873,1873,4694,特殊,記号,*,*,＼（＞◇＜）／,＼（＞◇＜）／,顔文字
＼（＞ｏ＜）／,1873,1873,4694,特殊,記号,*,*,＼（＞ｏ＜）／,＼（＞ｏ＜）／,顔文字
＼（＊＾　＾＊）／,1873,1873,4694,特殊,記号,*,*,＼（＊＾　＾＊）／,＼（＊＾　＾＊）／,顔文字
＼（＊＾＾＊）／,1873,1873,4694,特殊,記号,*,*,＼（＊＾＾＊）／,＼（＊＾＾＊）／,顔文字
＼（●ｏ○；）／,1873,1873,4694,特殊,記号,*,*,＼（●ｏ○；）／,＼（●ｏ○；）／,顔文字
＼（◎ｏ◎）／,1873,1873,4694,特殊,記号,*,*,＼（◎ｏ◎）／,＼（◎ｏ◎）／,顔文字
＼（∂ｏ☆）／,1873,1873,4694,特殊,記号,*,*,＼（∂ｏ☆）／,＼（∂ｏ☆）／,顔文字
＼（０＼０）ゝ,1873,1873,4694,特殊,記号,*,*,＼（０＼０）ゝ,＼（０＼０）ゝ,顔文字
＼（σ＿σ）／,1873,1873,4694,特殊,記号,*,*,＼（σ＿σ）／,＼（σ＿σ）／,顔文字
＼＜￣Σ￣＞／,1873,1873,4694,特殊,記号,*,*,＼＜￣Σ￣＞／,＼＜￣Σ￣＞／,顔文字
〜・＿・〜,1873,1873,4694,特殊,記号,*,*,〜・＿・〜,〜・＿・〜,顔文字
〜＾＿＾〜,1873,1873,4694,特殊,記号,*,*,〜＾＿＾〜,〜＾＿＾〜,顔文字
〜〜（（；・・ヘ）,1873,1873,4694,特殊,記号,*,*,〜〜（（；・・ヘ）,〜〜（（；・・ヘ）,顔文字
〜（ｍ￣ー￣）ｍ,1873,1873,4694,特殊,記号,*,*,〜（ｍ￣ー￣）ｍ,〜（ｍ￣ー￣）ｍ,顔文字
〜（ｍ￣−￣）ｍ,1873,1873,4694,特殊,記号,*,*,〜（ｍ￣−￣）ｍ,〜（ｍ￣−￣）ｍ,顔文字
〜（ｍ￣ｏ￣）ｍ,1873,1873,4694,特殊,記号,*,*,〜（ｍ￣ｏ￣）ｍ,〜（ｍ￣ｏ￣）ｍ,顔文字
｜｜｜−＿｜｜｜,1873,1873,4694,特殊,記号,*,*,｜｜｜−＿｜｜｜,｜｜｜−＿｜｜｜,顔文字
‘∀‘,1873,1873,4694,特殊,記号,*,*,‘∀‘,‘∀‘,顔文字
””＾＿＾””,1873,1873,4694,特殊,記号,*,*,””＾＿＾””,””＾＿＾””,顔文字
”（（＿−　）（　−＿））”,1873,1873,4694,特殊,記号,*,*,”（（＿−　）（　−＿））”,”（（＿−　）（　−＿））”,顔文字
（　。・＿・。）,1873,1873,4694,特殊,記号,*,*,（　。・＿・。）,（　。・＿・。）,顔文字
（　・＿・）ん,1873,1873,4694,特殊,記号,*,*,（　・＿・）ん,（　・＿・）ん,顔文字
（　・＿・）ノ⌒●￣＊,1873,1873,4694,特殊,記号,*,*,（　・＿・）ノ⌒●￣＊,（　・＿・）ノ⌒●￣＊,顔文字
（　・（ＯＯ）・　）,1873,1873,4694,特殊,記号,*,*,（　・（ＯＯ）・　）,（　・（ＯＯ）・　）,顔文字
（　・◇・）,1873,1873,4694,特殊,記号,*,*,（　・◇・）,（　・◇・）,顔文字
（　；　＿　；　）ヾ（＾＾　）,1873,1873,4694,特殊,記号,*,*,（　；　＿　；　）ヾ（＾＾　）,（　；　＿　；　）ヾ（＾＾　）,顔文字
（　゜＿゜；）,1873,1873,4694,特殊,記号,*,*,（　゜＿゜；）,（　゜＿゜；）,顔文字
（　゜ｏ゜　）,1873,1873,4694,特殊,記号,*,*,（　゜ｏ゜　）,（　゜ｏ゜　）,顔文字
（　´д｀）,1873,1873,4694,特殊,記号,*,*,（　´д｀）,（　´д｀）,顔文字
（　＾＾）ｏ−＊（＊＿＊）,1873,1873,4694,特殊,記号,*,*,（　＾＾）ｏ−＊（＊＿＊）,（　＾＾）ｏ−＊（＊＿＊）,顔文字
（　＾＾）人（＾＾　）,1873,1873,4694,特殊,記号,*,*,（　＾＾）人（＾＾　）,（　＾＾）人（＾＾　）,顔文字
（　＾＿＾）,1873,1873,4694,特殊,記号,*,*,（　＾＿＾）,（　＾＿＾）,顔文字
（　＾ー゜）ｂ,1873,1873,4694,特殊,記号,*,*,（　＾ー゜）ｂ,（　＾ー゜）ｂ,顔文字
（　＾ー゜）σ,1873,1873,4694,特殊,記号,*,*,（　＾ー゜）σ,（　＾ー゜）σ,顔文字
（　＾‐＾）＿且￣￣,1873,1873,4694,特殊,記号,*,*,（　＾‐＾）＿且￣￣,（　＾‐＾）＿且￣￣,顔文字
（　＾−）＿旦￣￣,1873,1873,4694,特殊,記号,*,*,（　＾−）＿旦￣￣,（　＾−）＿旦￣￣,顔文字
（　＾０＾）θ〜♪,1873,1873,4694,特殊,記号,*,*,（　＾０＾）θ〜♪,（　＾０＾）θ〜♪,顔文字
（　＾ｏ＾）ｙ　（（（　−＿−）,1873,1873,4694,特殊,記号,*,*,（　＾ｏ＾）ｙ　（（（　−＿−）,（　＾ｏ＾）ｙ　（（（　−＿−）,顔文字
（　＾з＾）　ｙ　−☆,1873,1873,4694,特殊,記号,*,*,（　＾з＾）　ｙ　−☆,（　＾з＾）　ｙ　−☆,顔文字
（　￣◇）　Ｚｚｚ,1873,1873,4694,特殊,記号,*,*,（　￣◇）　Ｚｚｚ,（　￣◇）　Ｚｚｚ,顔文字
（　￣ё￣）　−☆,1873,1873,4694,特殊,記号,*,*,（　￣ё￣）　−☆,（　￣ё￣）　−☆,顔文字
（　＿　＿　）．。ｏ○,1873,1873,4694,特殊,記号,*,*,（　＿　＿　）．。ｏ○,（　＿　＿　）．。ｏ○,顔文字
（　’＿’）,1873,1873,4694,特殊,記号,*,*,（　’＿’）,（　’＿’）,顔文字
（　−。−）　＝３,1873,1873,4694,特殊,記号,*,*,（　−。−）　＝３,（　−。−）　＝３,顔文字
（　−．−）の⌒−￣,1873,1873,4694,特殊,記号,*,*,（　−．−）の⌒−￣,（　−．−）の⌒−￣,顔文字
（　−．−）ノ⌒−￣,1873,1873,4694,特殊,記号,*,*,（　−．−）ノ⌒−￣,（　−．−）ノ⌒−￣,顔文字
（　−＿−）,1873,1873,4694,特殊,記号,*,*,（　−＿−）,（　−＿−）,顔文字
（　＊＾。＾＊　）,1873,1873,4694,特殊,記号,*,*,（　＊＾。＾＊　）,（　＊＾。＾＊　）,顔文字
（　ｉ＿ｉ）”＼（−＿−；；,1873,1873,4694,特殊,記号,*,*,（　ｉ＿ｉ）”＼（−＿−；；,（　ｉ＿ｉ）”＼（−＿−；；,顔文字
（　σσ）＿旦￣￣,1873,1873,4694,特殊,記号,*,*,（　σσ）＿旦￣￣,（　σσ）＿旦￣￣,顔文字
（。。？）,1873,1873,4694,特殊,記号,*,*,（。。？）,（。。？）,顔文字
（。・。−）−☆,1873,1873,4694,特殊,記号,*,*,（。・。−）−☆,（。・。−）−☆,顔文字
（。・ｏ・。）,1873,1873,4694,特殊,記号,*,*,（。・ｏ・。）,（。・ｏ・。）,顔文字
（。＾＿＾。）／,1873,1873,4694,特殊,記号,*,*,（。＾＿＾。）／,（。＾＿＾。）／,顔文字
（。￣（ェ）◇ゞ,1873,1873,4694,特殊,記号,*,*,（。￣（ェ）◇ゞ,（。￣（ェ）◇ゞ,顔文字
（。＿゜）,1873,1873,4694,特殊,記号,*,*,（。＿゜）,（。＿゜）,顔文字
（。’（ェ）’。）,1873,1873,4694,特殊,記号,*,*,（。’（ェ）’。）,（。’（ェ）’。）,顔文字
（。’（ェ）’）σ,1873,1873,4694,特殊,記号,*,*,（。’（ェ）’）σ,（。’（ェ）’）σ,顔文字
（。’（エ）−。））−☆,1873,1873,4694,特殊,記号,*,*,（。’（エ）−。））−☆,（。’（エ）−。））−☆,顔文字
（。◇。）,1873,1873,4694,特殊,記号,*,*,（。◇。）,（。◇。）,顔文字
（．　）（　．）,1873,1873,4694,特殊,記号,*,*,（．　）（　．）,（．　）（　．）,顔文字
（．　人　．）,1873,1873,4694,特殊,記号,*,*,（．　人　．）,（．　人　．）,顔文字
（．．？）,1873,1873,4694,特殊,記号,*,*,（．．？）,（．．？）,顔文字
（．．）,1873,1873,4694,特殊,記号,*,*,（．．）,（．．）,顔文字
（．＿．）,1873,1873,4694,特殊,記号,*,*,（．＿．）,（．＿．）,顔文字
（．＿．）φ,1873,1873,4694,特殊,記号,*,*,（．＿．）φ,（．＿．）φ,顔文字
（．＿・）ノ,1873,1873,4694,特殊,記号,*,*,（．＿・）ノ,（．＿・）ノ,顔文字
（．人．）,1873,1873,4694,特殊,記号,*,*,（．人．）,（．人．）,顔文字
（・。・。；；,1873,1873,4694,特殊,記号,*,*,（・。・。；；,（・。・。；；,顔文字
（・。・ゞ,1873,1873,4694,特殊,記号,*,*,（・。・ゞ,（・。・ゞ,顔文字
（・。−；,1873,1873,4694,特殊,記号,*,*,（・。−；,（・。−；,顔文字
（・．・）￣￣￣’,1873,1873,4694,特殊,記号,*,*,（・．・）￣￣￣’,（・．・）￣￣￣’,顔文字
（・・；）,1873,1873,4694,特殊,記号,*,*,（・・；）,（・・；）,顔文字
（・・？）,1873,1873,4694,特殊,記号,*,*,（・・？）,（・・？）,顔文字
（・？・）,1873,1873,4694,特殊,記号,*,*,（・？・）,（・？・）,顔文字
（・＿・）ｖ,1873,1873,4694,特殊,記号,*,*,（・＿・）ｖ,（・＿・）ｖ,顔文字
（・＿・）σ,1873,1873,4694,特殊,記号,*,*,（・＿・）σ,（・＿・）σ,顔文字
（・＿；）,1873,1873,4694,特殊,記号,*,*,（・＿；）,（・＿；）,顔文字
（・＿＋）,1873,1873,4694,特殊,記号,*,*,（・＿＋）,（・＿＋）,顔文字
（・＿☆）,1873,1873,4694,特殊,記号,*,*,（・＿☆）,（・＿☆）,顔文字
（・ー・）ノ,1873,1873,4694,特殊,記号,*,*,（・ー・）ノ,（・ー・）ノ,顔文字
（・−・）,1873,1873,4694,特殊,記号,*,*,（・−・）,（・−・）,顔文字
（・−＋）,1873,1873,4694,特殊,記号,*,*,（・−＋）,（・−＋）,顔文字
（・±・）,1873,1873,4694,特殊,記号,*,*,（・±・）,（・±・）,顔文字
（・◇・　）,1873,1873,4694,特殊,記号,*,*,（・◇・　）,（・◇・　）,顔文字
（・３・）〜♪,1873,1873,4694,特殊,記号,*,*,（・３・）〜♪,（・３・）〜♪,顔文字
（・Ｗ・）,1873,1873,4694,特殊,記号,*,*,（・Ｗ・）,（・Ｗ・）,顔文字
（・ｍ・）,1873,1873,4694,特殊,記号,*,*,（・ｍ・）,（・ｍ・）,顔文字
（・ｏ＋）,1873,1873,4694,特殊,記号,*,*,（・ｏ＋）,（・ｏ＋）,顔文字
（・ε・,1873,1873,4694,特殊,記号,*,*,（・ε・,（・ε・,顔文字
（：。）ミ,1873,1873,4694,特殊,記号,*,*,（：。）ミ,（：。）ミ,顔文字
（：。）彡,1873,1873,4694,特殊,記号,*,*,（：。）彡,（：。）彡,顔文字
（：＿；）,1873,1873,4694,特殊,記号,*,*,（：＿；）,（：＿；）,顔文字
（：−）,1873,1873,4694,特殊,記号,*,*,（：−）,（：−）,顔文字
（：０）＞−−−∈,1873,1873,4694,特殊,記号,*,*,（：０）＞−−−∈,（：０）＞−−−∈,顔文字
（：Ｄ）┼─┤,1873,1873,4694,特殊,記号,*,*,（：Ｄ）┼─┤,（：Ｄ）┼─┤,顔文字
（；　゜゜）,1873,1873,4694,特殊,記号,*,*,（；　゜゜）,（；　゜゜）,顔文字
（；。；）,1873,1873,4694,特殊,記号,*,*,（；。；）,（；。；）,顔文字
（；；；＊＿＊）,1873,1873,4694,特殊,記号,*,*,（；；；＊＿＊）,（；；；＊＿＊）,顔文字
（；；￣ー￣）σ,1873,1873,4694,特殊,記号,*,*,（；；￣ー￣）σ,（；；￣ー￣）σ,顔文字
（；゜゜）,1873,1873,4694,特殊,記号,*,*,（；゜゜）,（；゜゜）,顔文字
（；゜〇゜）,1873,1873,4694,特殊,記号,*,*,（；゜〇゜）,（；゜〇゜）,顔文字
（；゜◆゜）σ,1873,1873,4694,特殊,記号,*,*,（；゜◆゜）σ,（；゜◆゜）σ,顔文字
（；´▽｀ｌｌｌＡ｀｀,1873,1873,4694,特殊,記号,*,*,（；´▽｀ｌｌｌＡ｀｀,（；´▽｀ｌｌｌＡ｀｀,顔文字
（；´ｏ｀）,1873,1873,4694,特殊,記号,*,*,（；´ｏ｀）,（；´ｏ｀）,顔文字
（；＾＾）σ,1873,1873,4694,特殊,記号,*,*,（；＾＾）σ,（；＾＾）σ,顔文字
（；＾＿＾）／　−＝≡卍,1873,1873,4694,特殊,記号,*,*,（；＾＿＾）／　−＝≡卍,（；＾＿＾）／　−＝≡卍,顔文字
（；＾＿＾）σ,1873,1873,4694,特殊,記号,*,*,（；＾＿＾）σ,（；＾＿＾）σ,顔文字
（；＾−＾；）,1873,1873,4694,特殊,記号,*,*,（；＾−＾；）,（；＾−＾；）,顔文字
（；￣−￣；）,1873,1873,4694,特殊,記号,*,*,（；￣−￣；）,（；￣−￣；）,顔文字
（；＿・）,1873,1873,4694,特殊,記号,*,*,（；＿・）,（；＿・）,顔文字
（；＿：）,1873,1873,4694,特殊,記号,*,*,（；＿：）,（；＿：）,顔文字
（；＿；）,1873,1873,4694,特殊,記号,*,*,（；＿；）,（；＿；）,顔文字
（；”ε”）σ,1873,1873,4694,特殊,記号,*,*,（；”ε”）σ,（；”ε”）σ,顔文字
（；−・。・−；）,1873,1873,4694,特殊,記号,*,*,（；−・。・−；）,（；−・。・−；）,顔文字
（；−＿−）　（−＿−；）,1873,1873,4694,特殊,記号,*,*,（；−＿−）　（−＿−；）,（；−＿−）　（−＿−；）,顔文字
（；−＿−）σ,1873,1873,4694,特殊,記号,*,*,（；−＿−）σ,（；−＿−）σ,顔文字
（；⌒▽⌒）σ,1873,1873,4694,特殊,記号,*,*,（；⌒▽⌒）σ,（；⌒▽⌒）σ,顔文字
（；Ｏ；）,1873,1873,4694,特殊,記号,*,*,（；Ｏ；）,（；Ｏ；）,顔文字
（；ＴεＴ）σ,1873,1873,4694,特殊,記号,*,*,（；ＴεＴ）σ,（；ＴεＴ）σ,顔文字
（；ｏ；）,1873,1873,4694,特殊,記号,*,*,（；ｏ；）,（；ｏ；）,顔文字
（？．？）,1873,1873,4694,特殊,記号,*,*,（？．？）,（？．？）,顔文字
（？・・）σ,1873,1873,4694,特殊,記号,*,*,（？・・）σ,（？・・）σ,顔文字
（？￣ヘ￣？）,1873,1873,4694,特殊,記号,*,*,（？￣ヘ￣？）,（？￣ヘ￣？）,顔文字
（？＿？；,1873,1873,4694,特殊,記号,*,*,（？＿？；,（？＿？；,顔文字
（？＿？）,1873,1873,4694,特殊,記号,*,*,（？＿？）,（？＿？）,顔文字
（？＿＿）,1873,1873,4694,特殊,記号,*,*,（？＿＿）,（？＿＿）,顔文字
（？＋＿＋）,1873,1873,4694,特殊,記号,*,*,（？＋＿＋）,（？＋＿＋）,顔文字
（？−ｏ−）,1873,1873,4694,特殊,記号,*,*,（？−ｏ−）,（？−ｏ−）,顔文字
（！＿！）,1873,1873,4694,特殊,記号,*,*,（！＿！）,（！＿！）,顔文字
（！−＿−！）,1873,1873,4694,特殊,記号,*,*,（！−＿−！）,（！−＿−！）,顔文字
（゜゜；）,1873,1873,4694,特殊,記号,*,*,（゜゜；）,（゜゜；）,顔文字
（゜゜）〜,1873,1873,4694,特殊,記号,*,*,（゜゜）〜,（゜゜）〜,顔文字
（゜＿゜；）,1873,1873,4694,特殊,記号,*,*,（゜＿゜；）,（゜＿゜；）,顔文字
（゜））＜＜＜＊））,1873,1873,4694,特殊,記号,*,*,（゜））＜＜＜＊））,（゜））＜＜＜＊））,顔文字
（゜−゜）,1873,1873,4694,特殊,記号,*,*,（゜−゜）,（゜−゜）,顔文字
（゜−＾＊）σ,1873,1873,4694,特殊,記号,*,*,（゜−＾＊）σ,（゜−＾＊）σ,顔文字
（゜▽゜；）,1873,1873,4694,特殊,記号,*,*,（゜▽゜；）,（゜▽゜；）,顔文字
（゜Ｏ゜；,1873,1873,4694,特殊,記号,*,*,（゜Ｏ゜；,（゜Ｏ゜；,顔文字
（゜Ｏ゜；）,1873,1873,4694,特殊,記号,*,*,（゜Ｏ゜；）,（゜Ｏ゜；）,顔文字
（゜Ｏ゜）,1873,1873,4694,特殊,記号,*,*,（゜Ｏ゜）,（゜Ｏ゜）,顔文字
（゜Ｏ゜）☆＼（＾＾；）,1873,1873,4694,特殊,記号,*,*,（゜Ｏ゜）☆＼（＾＾；）,（゜Ｏ゜）☆＼（＾＾；）,顔文字
（゜ｏ゜；,1873,1873,4694,特殊,記号,*,*,（゜ｏ゜；,（゜ｏ゜；,顔文字
（゜ｏ゜；）,1873,1873,4694,特殊,記号,*,*,（゜ｏ゜；）,（゜ｏ゜；）,顔文字
（゜ｏ゜）,1873,1873,4694,特殊,記号,*,*,（゜ｏ゜）,（゜ｏ゜）,顔文字
（゜ｏ゜）／,1873,1873,4694,特殊,記号,*,*,（゜ｏ゜）／,（゜ｏ゜）／,顔文字
（゜ｏ゜）＼（−＿−）,1873,1873,4694,特殊,記号,*,*,（゜ｏ゜）＼（−＿−）,（゜ｏ゜）＼（−＿−）,顔文字
（゜ペ）,1873,1873,4694,特殊,記号,*,*,（゜ペ）,（゜ペ）,顔文字
（゜Ω゜）,1873,1873,4694,特殊,記号,*,*,（゜Ω゜）,（゜Ω゜）,顔文字
（゜ε゜）,1873,1873,4694,特殊,記号,*,*,（゜ε゜）,（゜ε゜）,顔文字
（´。｀）,1873,1873,4694,特殊,記号,*,*,（´。｀）,（´。｀）,顔文字
（´・ω・｀）,1873,1873,4694,特殊,記号,*,*,（´・ω・｀）,（´・ω・｀）,顔文字
（´ー｀）,1873,1873,4694,特殊,記号,*,*,（´ー｀）,（´ー｀）,顔文字
（´ё｀）,1873,1873,4694,特殊,記号,*,*,（´ё｀）,（´ё｀）,顔文字
（｀。’メ）,1873,1873,4694,特殊,記号,*,*,（｀。’メ）,（｀。’メ）,顔文字
（｀´）,1873,1873,4694,特殊,記号,*,*,（｀´）,（｀´）,顔文字
（｀´Ｘ）,1873,1873,4694,特殊,記号,*,*,（｀´Ｘ）,（｀´Ｘ）,顔文字
（｀´メ）,1873,1873,4694,特殊,記号,*,*,（｀´メ）,（｀´メ）,顔文字
（｀＿、＾）,1873,1873,4694,特殊,記号,*,*,（｀＿、＾）,（｀＿、＾）,顔文字
（｀＿´）,1873,1873,4694,特殊,記号,*,*,（｀＿´）,（｀＿´）,顔文字
（｀＿’）,1873,1873,4694,特殊,記号,*,*,（｀＿’）,（｀＿’）,顔文字
（｀ー´〃）,1873,1873,4694,特殊,記号,*,*,（｀ー´〃）,（｀ー´〃）,顔文字
（｀‐´≠）凸,1873,1873,4694,特殊,記号,*,*,（｀‐´≠）凸,（｀‐´≠）凸,顔文字
（｀へ日＼（▼▼メ）,1873,1873,4694,特殊,記号,*,*,（｀へ日＼（▼▼メ）,（｀へ日＼（▼▼メ）,顔文字
（｀ε´）,1873,1873,4694,特殊,記号,*,*,（｀ε´）,（｀ε´）,顔文字
（¨,1873,1873,4694,特殊,記号,*,*,（¨,（¨,顔文字
（¨　）,1873,1873,4694,特殊,記号,*,*,（¨　）,（¨　）,顔文字
（¨；）,1873,1873,4694,特殊,記号,*,*,（¨；）,（¨；）,顔文字
（¨）（　：）（．．）（：　）,1873,1873,4694,特殊,記号,*,*,（¨）（　：）（．．）（：　）,（¨）（　：）（．．）（：　）,顔文字
（＾　．＾）,1873,1873,4694,特殊,記号,*,*,（＾　．＾）,（＾　．＾）,顔文字
（＾　＾）,1873,1873,4694,特殊,記号,*,*,（＾　＾）,（＾　＾）,顔文字
（＾。・＾）,1873,1873,4694,特殊,記号,*,*,（＾。・＾）,（＾。・＾）,顔文字
（＾。＾；,1873,1873,4694,特殊,記号,*,*,（＾。＾；,（＾。＾；,顔文字
（＾。＾；；,1873,1873,4694,特殊,記号,*,*,（＾。＾；；,（＾。＾；；,顔文字
（＾。＾；）,1873,1873,4694,特殊,記号,*,*,（＾。＾；）,（＾。＾；）,顔文字
（＾。＾ゞ,1873,1873,4694,特殊,記号,*,*,（＾。＾ゞ,（＾。＾ゞ,顔文字
（＾。＾）,1873,1873,4694,特殊,記号,*,*,（＾。＾）,（＾。＾）,顔文字
（＾。＾）／■￣＊,1873,1873,4694,特殊,記号,*,*,（＾。＾）／■￣＊,（＾。＾）／■￣＊,顔文字
（＾。＾）ｖ,1873,1873,4694,特殊,記号,*,*,（＾。＾）ｖ,（＾。＾）ｖ,顔文字
（＾。＾）ｙ−。ｏＯ,1873,1873,4694,特殊,記号,*,*,（＾。＾）ｙ−。ｏＯ,（＾。＾）ｙ−。ｏＯ,顔文字
（＾。＾）ｙ−゜゜゜,1873,1873,4694,特殊,記号,*,*,（＾。＾）ｙ−゜゜゜,（＾。＾）ｙ−゜゜゜,顔文字
（＾。−）−☆,1873,1873,4694,特殊,記号,*,*,（＾。−）−☆,（＾。−）−☆,顔文字
（＾．＾；,1873,1873,4694,特殊,記号,*,*,（＾．＾；,（＾．＾；,顔文字
（＾．＾）,1873,1873,4694,特殊,記号,*,*,（＾．＾）,（＾．＾）,顔文字
（＾・＾；）,1873,1873,4694,特殊,記号,*,*,（＾・＾；）,（＾・＾；）,顔文字
（＾・＾）,1873,1873,4694,特殊,記号,*,*,（＾・＾）,（＾・＾）,顔文字
（＾・ｘ・＾）,1873,1873,4694,特殊,記号,*,*,（＾・ｘ・＾）,（＾・ｘ・＾）,顔文字
（＾？＾）,1873,1873,4694,特殊,記号,*,*,（＾？＾）,（＾？＾）,顔文字
（＾！＾）,1873,1873,4694,特殊,記号,*,*,（＾！＾）,（＾！＾）,顔文字
（＾＾,1873,1873,4695,特殊,記号,*,*,（＾＾,（＾＾,顔文字
（＾＾；,1873,1873,4810,特殊,記号,*,*,（＾＾；,（＾＾；,顔文字
（＾＾；；,1873,1873,4694,特殊,記号,*,*,（＾＾；；,（＾＾；；,顔文字
（＾＾；；；,1873,1873,4694,特殊,記号,*,*,（＾＾；；；,（＾＾；；；,顔文字
（＾＾；；）,1873,1873,4694,特殊,記号,*,*,（＾＾；；）,（＾＾；；）,顔文字
（＾＾；ゞ,1873,1873,4694,特殊,記号,*,*,（＾＾；ゞ,（＾＾；ゞ,顔文字
（＾＾；）,1873,1873,4819,特殊,記号,*,*,（＾＾；）,（＾＾；）,顔文字
（＾＾？）,1873,1873,4694,特殊,記号,*,*,（＾＾？）,（＾＾？）,顔文字
（＾＾ゞ,1873,1873,4694,特殊,記号,*,*,（＾＾ゞ,（＾＾ゞ,顔文字
（＾＾／（¨）,1873,1873,4694,特殊,記号,*,*,（＾＾／（¨）,（＾＾／（¨）,顔文字
（＾＾｜｜｜｜ｒ,1873,1873,4694,特殊,記号,*,*,（＾＾｜｜｜｜ｒ,（＾＾｜｜｜｜ｒ,顔文字
（＾＾）,1873,1873,4694,特殊,記号,*,*,（＾＾）,（＾＾）,顔文字
（＾＾）／,1873,1873,4694,特殊,記号,*,*,（＾＾）／,（＾＾）／,顔文字
（＾＾）ｖ,1873,1873,4694,特殊,記号,*,*,（＾＾）ｖ,（＾＾）ｖ,顔文字
（＾＿？）,1873,1873,4694,特殊,記号,*,*,（＾＿？）,（＾＿？）,顔文字
（＾＿＾．）,1873,1873,4694,特殊,記号,*,*,（＾＿＾．）,（＾＿＾．）,顔文字
（＾＿＾；,1873,1873,4694,特殊,記号,*,*,（＾＿＾；,（＾＿＾；,顔文字
（＾＿＾；；,1873,1873,4694,特殊,記号,*,*,（＾＿＾；；,（＾＿＾；；,顔文字
（＾＿＾；；；,1873,1873,4694,特殊,記号,*,*,（＾＿＾；；；,（＾＿＾；；；,顔文字
（＾＿＾；）,1873,1873,4694,特殊,記号,*,*,（＾＿＾；）,（＾＿＾；）,顔文字
（＾＿＾？）,1873,1873,4694,特殊,記号,*,*,（＾＿＾？）,（＾＿＾？）,顔文字
（＾＿＾”）,1873,1873,4694,特殊,記号,*,*,（＾＿＾”）,（＾＿＾”）,顔文字
（＾＿＾）,1873,1873,4741,特殊,記号,*,*,（＾＿＾）,（＾＿＾）,顔文字
（＾＿＾）．．．．．．ん,1873,1873,4694,特殊,記号,*,*,（＾＿＾）．．．．．．ん,（＾＿＾）．．．．．．ん,顔文字
（＾＿＾）ゞ,1873,1873,4694,特殊,記号,*,*,（＾＿＾）ゞ,（＾＿＾）ゞ,顔文字
（＾＿＾）／,1873,1873,4694,特殊,記号,*,*,（＾＿＾）／,（＾＿＾）／,顔文字
（＾＿＾）∠※,1873,1873,4694,特殊,記号,*,*,（＾＿＾）∠※,（＾＿＾）∠※,顔文字
（＾＿＾）ｖ,1873,1873,4694,特殊,記号,*,*,（＾＿＾）ｖ,（＾＿＾）ｖ,顔文字
（＾＿＾）ｙ−,1873,1873,4694,特殊,記号,*,*,（＾＿＾）ｙ−,（＾＿＾）ｙ−,顔文字
（＾＿＾Ｄ,1873,1873,4694,特殊,記号,*,*,（＾＿＾Ｄ,（＾＿＾Ｄ,顔文字
（＾＿＾Ｘ）,1873,1873,4694,特殊,記号,*,*,（＾＿＾Ｘ）,（＾＿＾Ｘ）,顔文字
（＾＿−；）,1873,1873,4694,特殊,記号,*,*,（＾＿−；）,（＾＿−；）,顔文字
（＾＿−）,1873,1873,4694,特殊,記号,*,*,（＾＿−）,（＾＿−）,顔文字
（＾＿−）−☆,1873,1873,4694,特殊,記号,*,*,（＾＿−）−☆,（＾＿−）−☆,顔文字
（＾＿−）☆,1873,1873,4694,特殊,記号,*,*,（＾＿−）☆,（＾＿−）☆,顔文字
（＾＿−）≡★,1873,1873,4694,特殊,記号,*,*,（＾＿−）≡★,（＾＿−）≡★,顔文字
（＾＿−）ｄｂ（−＿＾）,1873,1873,4694,特殊,記号,*,*,（＾＿−）ｄｂ（−＿＾）,（＾＿−）ｄｂ（−＿＾）,顔文字
（＾＿＜）〜☆,1873,1873,4694,特殊,記号,*,*,（＾＿＜）〜☆,（＾＿＜）〜☆,顔文字
（＾ー＾；,1873,1873,4694,特殊,記号,*,*,（＾ー＾；,（＾ー＾；,顔文字
（＾ー＾）,1873,1873,4694,特殊,記号,*,*,（＾ー＾）,（＾ー＾）,顔文字
（＾ー＾）ｖ,1873,1873,4694,特殊,記号,*,*,（＾ー＾）ｖ,（＾ー＾）ｖ,顔文字
（＾（＝・Ｔ・＝）＾）,1873,1873,4694,特殊,記号,*,*,（＾（＝・Ｔ・＝）＾）,（＾（＝・Ｔ・＝）＾）,顔文字
（＾（≡・Ｔ・≡）＾）,1873,1873,4694,特殊,記号,*,*,（＾（≡・Ｔ・≡）＾）,（＾（≡・Ｔ・≡）＾）,顔文字
（＾（Ｉ）＾）,1873,1873,4694,特殊,記号,*,*,（＾（Ｉ）＾）,（＾（Ｉ）＾）,顔文字
（＾（エ）＾）,1873,1873,4694,特殊,記号,*,*,（＾（エ）＾）,（＾（エ）＾）,顔文字
（＾）ｏ（＾）,1873,1873,4694,特殊,記号,*,*,（＾）ｏ（＾）,（＾）ｏ（＾）,顔文字
（＾−＾　）,1873,1873,4694,特殊,記号,*,*,（＾−＾　）,（＾−＾　）,顔文字
（＾−＾；,1873,1873,4694,特殊,記号,*,*,（＾−＾；,（＾−＾；,顔文字
（＾−＾；　・・・・,1873,1873,4694,特殊,記号,*,*,（＾−＾；　・・・・,（＾−＾；　・・・・,顔文字
（＾−＾；）,1873,1873,4694,特殊,記号,*,*,（＾−＾；）,（＾−＾；）,顔文字
（＾−＾；Ａ,1873,1873,4694,特殊,記号,*,*,（＾−＾；Ａ,（＾−＾；Ａ,顔文字
（＾−＾）,1873,1873,4694,特殊,記号,*,*,（＾−＾）,（＾−＾）,顔文字
（＾−＾）／,1873,1873,4694,特殊,記号,*,*,（＾−＾）／,（＾−＾）／,顔文字
（＾−＾）☆ε＾　）,1873,1873,4694,特殊,記号,*,*,（＾−＾）☆ε＾　）,（＾−＾）☆ε＾　）,顔文字
（＾−＾）ｖ,1873,1873,4694,特殊,記号,*,*,（＾−＾）ｖ,（＾−＾）ｖ,顔文字
（＾○＾）,1873,1873,4694,特殊,記号,*,*,（＾○＾）,（＾○＾）,顔文字
（＾○＾）／,1873,1873,4694,特殊,記号,*,*,（＾○＾）／,（＾○＾）／,顔文字
（＾◎＾）,1873,1873,4694,特殊,記号,*,*,（＾◎＾）,（＾◎＾）,顔文字
（＾◇＾；）,1873,1873,4694,特殊,記号,*,*,（＾◇＾；）,（＾◇＾；）,顔文字
（＾◇＾；）σ,1873,1873,4694,特殊,記号,*,*,（＾◇＾；）σ,（＾◇＾；）σ,顔文字
（＾◇＾）,1873,1873,4694,特殊,記号,*,*,（＾◇＾）,（＾◇＾）,顔文字
（＾□＾；）,1873,1873,5699,特殊,記号,*,*,（＾□＾；）,（＾□＾；）,顔文字
（＾▽＾）,1873,1873,4694,特殊,記号,*,*,（＾▽＾）,（＾▽＾）,顔文字
（＾▽＾）Ｖ,1873,1873,4694,特殊,記号,*,*,（＾▽＾）Ｖ,（＾▽＾）Ｖ,顔文字
（＾▽＾喜）,1873,1873,4694,特殊,記号,*,*,（＾▽＾喜）,（＾▽＾喜）,顔文字
（＾▽＾笑）,1873,1873,4694,特殊,記号,*,*,（＾▽＾笑）,（＾▽＾笑）,顔文字
（＾↓＾）,1873,1873,4694,特殊,記号,*,*,（＾↓＾）,（＾↓＾）,顔文字
（＾⊆＾）,1873,1873,4694,特殊,記号,*,*,（＾⊆＾）,（＾⊆＾）,顔文字
（＾∧＾）,1873,1873,4694,特殊,記号,*,*,（＾∧＾）,（＾∧＾）,顔文字
（＾０＾）σ,1873,1873,4694,特殊,記号,*,*,（＾０＾）σ,（＾０＾）σ,顔文字
（＾０＿０＾）,1873,1873,4694,特殊,記号,*,*,（＾０＿０＾）,（＾０＿０＾）,顔文字
（＾Ｏ＾；）,1873,1873,4694,特殊,記号,*,*,（＾Ｏ＾；）,（＾Ｏ＾；）,顔文字
（＾Ｏ＾）,1873,1873,4694,特殊,記号,*,*,（＾Ｏ＾）,（＾Ｏ＾）,顔文字
（＾Ｏ＾）／,1873,1873,4694,特殊,記号,*,*,（＾Ｏ＾）／,（＾Ｏ＾）／,顔文字
（＾ｍｍ＾）ゞ,1873,1873,4694,特殊,記号,*,*,（＾ｍｍ＾）ゞ,（＾ｍｍ＾）ゞ,顔文字
（＾ｏ＾；,1873,1873,4694,特殊,記号,*,*,（＾ｏ＾；,（＾ｏ＾；,顔文字
（＾ｏ＾）,1873,1873,4794,特殊,記号,*,*,（＾ｏ＾）,（＾ｏ＾）,顔文字
（＾ｏ＾）ゞ,1873,1873,4694,特殊,記号,*,*,（＾ｏ＾）ゞ,（＾ｏ＾）ゞ,顔文字
（＾ｏ＾）／,1873,1873,4710,特殊,記号,*,*,（＾ｏ＾）／,（＾ｏ＾）／,顔文字
（＾っ＾）,1873,1873,4694,特殊,記号,*,*,（＾っ＾）,（＾っ＾）,顔文字
（＾コ＾）Ｖ,1873,1873,4694,特殊,記号,*,*,（＾コ＾）Ｖ,（＾コ＾）Ｖ,顔文字
（＾ム＾）,1873,1873,4694,特殊,記号,*,*,（＾ム＾）,（＾ム＾）,顔文字
（＾レ＾）,1873,1873,4694,特殊,記号,*,*,（＾レ＾）,（＾レ＾）,顔文字
（＾ё＾）　♪♪,1873,1873,4694,特殊,記号,*,*,（＾ё＾）　♪♪,（＾ё＾）　♪♪,顔文字
（＾з＾）−☆,1873,1873,4694,特殊,記号,*,*,（＾з＾）−☆,（＾з＾）−☆,顔文字
（＾ф＾）,1873,1873,4694,特殊,記号,*,*,（＾ф＾）,（＾ф＾）,顔文字
（＾ц＾　）,1873,1873,4694,特殊,記号,*,*,（＾ц＾　）,（＾ц＾　）,顔文字
（＾人＾）,1873,1873,4694,特殊,記号,*,*,（＾人＾）,（＾人＾）,顔文字
（￣。￣）”凸,1873,1873,4694,特殊,記号,*,*,（￣。￣）”凸,（￣。￣）”凸,顔文字
（￣＾￣）,1873,1873,4694,特殊,記号,*,*,（￣＾￣）,（￣＾￣）,顔文字
（￣￣；）,1873,1873,4694,特殊,記号,*,*,（￣￣；）,（￣￣；）,顔文字
（￣￣ー￣￣）Ｖ,1873,1873,4694,特殊,記号,*,*,（￣￣ー￣￣）Ｖ,（￣￣ー￣￣）Ｖ,顔文字
（￣￣□￣￣；）,1873,1873,4694,特殊,記号,*,*,（￣￣□￣￣；）,（￣￣□￣￣；）,顔文字
（￣＿￣；,1873,1873,4694,特殊,記号,*,*,（￣＿￣；,（￣＿￣；,顔文字
（￣＿￣；）,1873,1873,4694,特殊,記号,*,*,（￣＿￣；）,（￣＿￣；）,顔文字
（￣＿￣）,1873,1873,4694,特殊,記号,*,*,（￣＿￣）,（￣＿￣）,顔文字
（￣＿￣Ｘ,1873,1873,4694,特殊,記号,*,*,（￣＿￣Ｘ,（￣＿￣Ｘ,顔文字
（￣＿￣メ）,1873,1873,4694,特殊,記号,*,*,（￣＿￣メ）,（￣＿￣メ）,顔文字
（￣ー？）,1873,1873,4694,特殊,記号,*,*,（￣ー？）,（￣ー？）,顔文字
（￣〜；￣）,1873,1873,4694,特殊,記号,*,*,（￣〜；￣）,（￣〜；￣）,顔文字
（￣（エ）￣）ｖ,1873,1873,4694,特殊,記号,*,*,（￣（エ）￣）ｖ,（￣（エ）￣）ｖ,顔文字
（￣（││）￣）,1873,1873,4694,特殊,記号,*,*,（￣（││）￣）,（￣（││）￣）,顔文字
（￣−￣　￣−￣）,1873,1873,4694,特殊,記号,*,*,（￣−￣　￣−￣）,（￣−￣　￣−￣）,顔文字
（￣＊￣　）,1873,1873,4694,特殊,記号,*,*,（￣＊￣　）,（￣＊￣　）,顔文字
（￣◇￣；）,1873,1873,4694,特殊,記号,*,*,（￣◇￣；）,（￣◇￣；）,顔文字
（￣△￣）,1873,1873,4694,特殊,記号,*,*,（￣△￣）,（￣△￣）,顔文字
（￣△￣）／□,1873,1873,4694,特殊,記号,*,*,（￣△￣）／□,（￣△￣）／□,顔文字
（￣△￣）／■,1873,1873,4694,特殊,記号,*,*,（￣△￣）／■,（￣△￣）／■,顔文字
（￣Ｏ￣；）,1873,1873,4694,特殊,記号,*,*,（￣Ｏ￣；）,（￣Ｏ￣；）,顔文字
（￣Ｑ￣；）,1873,1873,4694,特殊,記号,*,*,（￣Ｑ￣；）,（￣Ｑ￣；）,顔文字
（￣へ￣）,1873,1873,4694,特殊,記号,*,*,（￣へ￣）,（￣へ￣）,顔文字
（￣ェ￣；）,1873,1873,4694,特殊,記号,*,*,（￣ェ￣；）,（￣ェ￣；）,顔文字
（￣Θ￣；）,1873,1873,4694,特殊,記号,*,*,（￣Θ￣；）,（￣Θ￣；）,顔文字
（￣ω￣；）,1873,1873,4694,特殊,記号,*,*,（￣ω￣；）,（￣ω￣；）,顔文字
（＿　＿，）,1873,1873,4694,特殊,記号,*,*,（＿　＿，）,（＿　＿，）,顔文字
（＿　＿；）・・・・,1873,1873,4694,特殊,記号,*,*,（＿　＿；）・・・・,（＿　＿；）・・・・,顔文字
（＿　＿）．。ｏ○,1873,1873,4694,特殊,記号,*,*,（＿　＿）．。ｏ○,（＿　＿）．。ｏ○,顔文字
（＿　＿）¢　．．ＺＺＺ,1873,1873,4694,特殊,記号,*,*,（＿　＿）¢　．．ＺＺＺ,（＿　＿）¢　．．ＺＺＺ,顔文字
（＿＿？）,1873,1873,4694,特殊,記号,*,*,（＿＿？）,（＿＿？）,顔文字
（＿＿）．．．ｚｚＺＺ,1873,1873,4694,特殊,記号,*,*,（＿＿）．．．ｚｚＺＺ,（＿＿）．．．ｚｚＺＺ,顔文字
（＿−＿）,1873,1873,4694,特殊,記号,*,*,（＿−＿）,（＿−＿）,顔文字
（＿□＿：）,1873,1873,4694,特殊,記号,*,*,（＿□＿：）,（＿□＿：）,顔文字
（＿□＿；）,1873,1873,4694,特殊,記号,*,*,（＿□＿；）,（＿□＿；）,顔文字
（〃⌒ー⌒〃）∫゛,1873,1873,4694,特殊,記号,*,*,（〃⌒ー⌒〃）∫゛,（〃⌒ー⌒〃）∫゛,顔文字
（〇ｏ〇；））））,1873,1873,4694,特殊,記号,*,*,（〇ｏ〇；））））,（〇ｏ〇；））））,顔文字
（ー＿メ）,1873,1873,4694,特殊,記号,*,*,（ー＿メ）,（ー＿メ）,顔文字
（‐＿‐）σ,1873,1873,4694,特殊,記号,*,*,（‐＿‐）σ,（‐＿‐）σ,顔文字
（／＾−＾（＾　＾＊）ｏ,1873,1873,4694,特殊,記号,*,*,（／＾−＾（＾　＾＊）ｏ,（／＾−＾（＾　＾＊）ｏ,顔文字
（／＿・）,1873,1873,4694,特殊,記号,*,*,（／＿・）,（／＿・）,顔文字
（／＿；）,1873,1873,4694,特殊,記号,*,*,（／＿；）,（／＿；）,顔文字
（／＿；）／,1873,1873,4694,特殊,記号,*,*,（／＿；）／,（／＿；）／,顔文字
（／＿；）／［、,1873,1873,4694,特殊,記号,*,*,（／＿；）／［、,（／＿；）／［、,顔文字
（／＿＋）／,1873,1873,4694,特殊,記号,*,*,（／＿＋）／,（／＿＋）／,顔文字
（／＿−、）,1873,1873,4694,特殊,記号,*,*,（／＿−、）,（／＿−、）,顔文字
（／＿−。）,1873,1873,4694,特殊,記号,*,*,（／＿−。）,（／＿−。）,顔文字
（／−＼）,1873,1873,4694,特殊,記号,*,*,（／−＼）,（／−＼）,顔文字
（／−−）／,1873,1873,4694,特殊,記号,*,*,（／−−）／,（／−−）／,顔文字
（／−ｏ−）／　⌒　┤,1873,1873,4694,特殊,記号,*,*,（／−ｏ−）／　⌒　┤,（／−ｏ−）／　⌒　┤,顔文字
（‥；）,1873,1873,4694,特殊,記号,*,*,（‥；）,（‥；）,顔文字
（’。’）,1873,1873,4694,特殊,記号,*,*,（’。’）,（’。’）,顔文字
（’；’）,1873,1873,4694,特殊,記号,*,*,（’；’）,（’；’）,顔文字
（’？’）,1873,1873,4694,特殊,記号,*,*,（’？’）,（’？’）,顔文字
（’＿’｜,1873,1873,4694,特殊,記号,*,*,（’＿’｜,（’＿’｜,顔文字
（’〇’；）,1873,1873,4694,特殊,記号,*,*,（’〇’；）,（’〇’；）,顔文字
（’（ェ）’＊）,1873,1873,4694,特殊,記号,*,*,（’（ェ）’＊）,（’（ェ）’＊）,顔文字
（’＠’）,1873,1873,4694,特殊,記号,*,*,（’＠’）,（’＠’）,顔文字
（’◎’）,1873,1873,4694,特殊,記号,*,*,（’◎’）,（’◎’）,顔文字
（’◇’）,1873,1873,4694,特殊,記号,*,*,（’◇’）,（’◇’）,顔文字
（’◇’＊）,1873,1873,4694,特殊,記号,*,*,（’◇’＊）,（’◇’＊）,顔文字
（’⌒’）,1873,1873,4694,特殊,記号,*,*,（’⌒’）,（’⌒’）,顔文字
（’∽’）,1873,1873,4694,特殊,記号,*,*,（’∽’）,（’∽’）,顔文字
（’ｏ’）,1873,1873,4694,特殊,記号,*,*,（’ｏ’）,（’ｏ’）,顔文字
（’ε’）,1873,1873,4694,特殊,記号,*,*,（’ε’）,（’ε’）,顔文字
（”。”）,1873,1873,4694,特殊,記号,*,*,（”。”）,（”。”）,顔文字
（（＾へ＾）ｖ,1873,1873,4694,特殊,記号,*,*,（（＾へ＾）ｖ,（（＾へ＾）ｖ,顔文字
（（（＾＾；）（；＾＾）　））,1873,1873,4694,特殊,記号,*,*,（（（＾＾；）（；＾＾）　））,（（（＾＾；）（；＾＾）　））,顔文字
（（（（゜゜；）,1873,1873,4694,特殊,記号,*,*,（（（（゜゜；）,（（（（゜゜；）,顔文字
（（（（（゜゜；）,1873,1873,4694,特殊,記号,*,*,（（（（（゜゜；）,（（（（（゜゜；）,顔文字
（（（（（＾＾；）,1873,1873,4694,特殊,記号,*,*,（（（（（＾＾；）,（（（（（＾＾；）,顔文字
（（（（（（＾＿＾；）,1873,1873,4694,特殊,記号,*,*,（（（（（（＾＿＾；）,（（（（（（＾＿＾；）,顔文字
（（（（（（（；＾＾）,1873,1873,4694,特殊,記号,*,*,（（（（（（（；＾＾）,（（（（（（（；＾＾）,顔文字
（（（（（−＿−；）,1873,1873,4694,特殊,記号,*,*,（（（（（−＿−；）,（（（（（−＿−；）,顔文字
（（（（（°°；）,1873,1873,4694,特殊,記号,*,*,（（（（（°°；）,（（（（（°°；）,顔文字
（（（（（⌒−⌒；）,1873,1873,4694,特殊,記号,*,*,（（（（（⌒−⌒；）,（（（（（⌒−⌒；）,顔文字
（（＋＿＋））,1873,1873,4694,特殊,記号,*,*,（（＋＿＋））,（（＋＿＋））,顔文字
（（◎）＿（◎））,1873,1873,4694,特殊,記号,*,*,（（◎）＿（◎））,（（◎）＿（◎））,顔文字
（（ミ°ｏ°ミ））,1873,1873,4694,特殊,記号,*,*,（（ミ°ｏ°ミ））,（（ミ°ｏ°ミ））,顔文字
（（彡゜Ｐ゜彡））,1873,1873,4694,特殊,記号,*,*,（（彡゜Ｐ゜彡））,（（彡゜Ｐ゜彡））,顔文字
（（彡゜ｏ゜彡））,1873,1873,4694,特殊,記号,*,*,（（彡゜ｏ゜彡））,（（彡゜ｏ゜彡））,顔文字
（＋。＋）,1873,1873,4694,特殊,記号,*,*,（＋。＋）,（＋。＋）,顔文字
（＋＿；）,1873,1873,4694,特殊,記号,*,*,（＋＿；）,（＋＿；）,顔文字
（＋＿＋）,1873,1873,4694,特殊,記号,*,*,（＋＿＋）,（＋＿＋）,顔文字
（＋＋）,1873,1873,4694,特殊,記号,*,*,（＋＋）,（＋＋）,顔文字
（＋ｏ＋）,1873,1873,4694,特殊,記号,*,*,（＋ｏ＋）,（＋ｏ＋）,顔文字
（−　−）,1873,1873,4694,特殊,記号,*,*,（−　−）,（−　−）,顔文字
（−。−；,1873,1873,4694,特殊,記号,*,*,（−。−；,（−。−；,顔文字
（−。−；）,1873,1873,4694,特殊,記号,*,*,（−。−；）,（−。−；）,顔文字
（−。−；）ｙ−゜゜゜,1873,1873,4694,特殊,記号,*,*,（−。−；）ｙ−゜゜゜,（−。−；）ｙ−゜゜゜,顔文字
（−。−）,1873,1873,4694,特殊,記号,*,*,（−。−）,（−。−）,顔文字
（−。−）￣,1873,1873,4694,特殊,記号,*,*,（−。−）￣,（−。−）￣,顔文字
（−。−）ｙ−,1873,1873,4694,特殊,記号,*,*,（−。−）ｙ−,（−。−）ｙ−,顔文字
（−。−）ｙ−゜゜゜,1873,1873,4694,特殊,記号,*,*,（−。−）ｙ−゜゜゜,（−。−）ｙ−゜゜゜,顔文字
（−。−＃）,1873,1873,4694,特殊,記号,*,*,（−。−＃）,（−。−＃）,顔文字
（−。−Ｘ））,1873,1873,4694,特殊,記号,*,*,（−。−Ｘ））,（−。−Ｘ））,顔文字
（−．−；）,1873,1873,4694,特殊,記号,*,*,（−．−；）,（−．−；）,顔文字
（−．−”）凸,1873,1873,4694,特殊,記号,*,*,（−．−”）凸,（−．−”）凸,顔文字
（−．−）,1873,1873,4694,特殊,記号,*,*,（−．−）,（−．−）,顔文字
（−．−）Ｚｚｚｚｚ．．．．,1873,1873,4694,特殊,記号,*,*,（−．−）Ｚｚｚｚｚ．．．．,（−．−）Ｚｚｚｚｚ．．．．,顔文字
（−．−）ｙ−．。ｏ○,1873,1873,4694,特殊,記号,*,*,（−．−）ｙ−．。ｏ○,（−．−）ｙ−．。ｏ○,顔文字
（−．−）ｙ−゜゜゜,1873,1873,4694,特殊,記号,*,*,（−．−）ｙ−゜゜゜,（−．−）ｙ−゜゜゜,顔文字
（−：,1873,1873,4694,特殊,記号,*,*,（−：,（−：,顔文字
（−：）,1873,1873,4694,特殊,記号,*,*,（−：）,（−：）,顔文字
（−；,1873,1873,4694,特殊,記号,*,*,（−；,（−；,顔文字
（−；）,1873,1873,4694,特殊,記号,*,*,（−；）,（−；）,顔文字
（−＾〇＾−）,1873,1873,4694,特殊,記号,*,*,（−＾〇＾−）,（−＾〇＾−）,顔文字
（−＿；）,1873,1873,4694,特殊,記号,*,*,（−＿；）,（−＿；）,顔文字
（−＿＾：）,1873,1873,4694,特殊,記号,*,*,（−＿＾：）,（−＿＾：）,顔文字
（−＿＾）,1873,1873,4694,特殊,記号,*,*,（−＿＾）,（−＿＾）,顔文字
（−＿ゞ,1873,1873,4694,特殊,記号,*,*,（−＿ゞ,（−＿ゞ,顔文字
（−＿＋）し,1873,1873,4694,特殊,記号,*,*,（−＿＋）し,（−＿＋）し,顔文字
（−＿−、,1873,1873,4694,特殊,記号,*,*,（−＿−、,（−＿−、,顔文字
（−＿−、）,1873,1873,4694,特殊,記号,*,*,（−＿−、）,（−＿−、）,顔文字
（−＿−；,1873,1873,5219,特殊,記号,*,*,（−＿−；,（−＿−；,顔文字
（−＿−；）,1873,1873,4907,特殊,記号,*,*,（−＿−；）,（−＿−；）,顔文字
（−＿−）,1873,1873,4694,特殊,記号,*,*,（−＿−）,（−＿−）,顔文字
（−＿−）　ｚｚｚ,1873,1873,4694,特殊,記号,*,*,（−＿−）　ｚｚｚ,（−＿−）　ｚｚｚ,顔文字
（−＿−）」,1873,1873,4694,特殊,記号,*,*,（−＿−）」,（−＿−）」,顔文字
（−＿−）Ｂ,1873,1873,4694,特殊,記号,*,*,（−＿−）Ｂ,（−＿−）Ｂ,顔文字
（−＿−）Ｄ,1873,1873,4694,特殊,記号,*,*,（−＿−）Ｄ,（−＿−）Ｄ,顔文字
（−＿−）ｚｚｚ,1873,1873,4694,特殊,記号,*,*,（−＿−）ｚｚｚ,（−＿−）ｚｚｚ,顔文字
（−＿−＃）,1873,1873,4694,特殊,記号,*,*,（−＿−＃）,（−＿−＃）,顔文字
（−＿−Ｘ）,1873,1873,4694,特殊,記号,*,*,（−＿−Ｘ）,（−＿−Ｘ）,顔文字
（−＿−ｘ）,1873,1873,4694,特殊,記号,*,*,（−＿−ｘ）,（−＿−ｘ）,顔文字
（−＿−φ,1873,1873,4694,特殊,記号,*,*,（−＿−φ,（−＿−φ,顔文字
（−＿＊）,1873,1873,4694,特殊,記号,*,*,（−＿＊）,（−＿＊）,顔文字
（−＿☆）Ｖ,1873,1873,4694,特殊,記号,*,*,（−＿☆）Ｖ,（−＿☆）Ｖ,顔文字
（−’｀−；）,1873,1873,4694,特殊,記号,*,*,（−’｀−；）,（−’｀−；）,顔文字
（−””−；）,1873,1873,4694,特殊,記号,*,*,（−””−；）,（−””−；）,顔文字
（−”−　）,1873,1873,4694,特殊,記号,*,*,（−”−　）,（−”−　）,顔文字
（−”−；）,1873,1873,4694,特殊,記号,*,*,（−”−；）,（−”−；）,顔文字
（−）＿（−）,1873,1873,4694,特殊,記号,*,*,（−）＿（−）,（−）＿（−）,顔文字
（−−．）ｙ−,1873,1873,4694,特殊,記号,*,*,（−−．）ｙ−,（−−．）ｙ−,顔文字
（−−；,1873,1873,4694,特殊,記号,*,*,（−−；,（−−；,顔文字
（−−；）,1873,1873,4694,特殊,記号,*,*,（−−；）,（−−；）,顔文字
（−−！）,1873,1873,4694,特殊,記号,*,*,（−−！）,（−−！）,顔文字
（−−）（＿＿）,1873,1873,4694,特殊,記号,*,*,（−−）（＿＿）,（−−）（＿＿）,顔文字
（−−＃）,1873,1873,4694,特殊,記号,*,*,（−−＃）,（−−＃）,顔文字
（−−＃）σ,1873,1873,4694,特殊,記号,*,*,（−−＃）σ,（−−＃）σ,顔文字
（−−Ｘ））,1873,1873,4694,特殊,記号,*,*,（−−Ｘ））,（−−Ｘ））,顔文字
（−−メ）,1873,1873,4694,特殊,記号,*,*,（−−メ）,（−−メ）,顔文字
（−°−；）,1873,1873,4694,特殊,記号,*,*,（−°−；）,（−°−；）,顔文字
（−●−●−Ｘ）,1873,1873,4694,特殊,記号,*,*,（−●−●−Ｘ）,（−●−●−Ｘ）,顔文字
（−◆−）,1873,1873,4694,特殊,記号,*,*,（−◆−）,（−◆−）,顔文字
（−〓＜）　−−☆,1873,1873,4694,特殊,記号,*,*,（−〓＜）　−−☆,（−〓＜）　−−☆,顔文字
（−ｏ−；,1873,1873,4694,特殊,記号,*,*,（−ｏ−；,（−ｏ−；,顔文字
（−ｏ−；）,1873,1873,4694,特殊,記号,*,*,（−ｏ−；）,（−ｏ−；）,顔文字
（−ｏ−）,1873,1873,4694,特殊,記号,*,*,（−ｏ−）,（−ｏ−）,顔文字
（−ｏ−）／,1873,1873,4694,特殊,記号,*,*,（−ｏ−）／,（−ｏ−）／,顔文字
（−Φ−）,1873,1873,4694,特殊,記号,*,*,（−Φ−）,（−Φ−）,顔文字
（×。×）,1873,1873,4694,特殊,記号,*,*,（×。×）,（×。×）,顔文字
（×．×）,1873,1873,4694,特殊,記号,*,*,（×．×）,（×．×）,顔文字
（×＿×；）,1873,1873,4694,特殊,記号,*,*,（×＿×；）,（×＿×；）,顔文字
（×＿×＃,1873,1873,4694,特殊,記号,*,*,（×＿×＃,（×＿×＃,顔文字
（＝・ェ・＝）,1873,1873,4694,特殊,記号,*,*,（＝・ェ・＝）,（＝・ェ・＝）,顔文字
（＝｀（∞）´＝）,1873,1873,4694,特殊,記号,*,*,（＝｀（∞）´＝）,（＝｀（∞）´＝）,顔文字
（＝＾．．＾＝）,1873,1873,4694,特殊,記号,*,*,（＝＾．．＾＝）,（＝＾．．＾＝）,顔文字
（＝＾・＾＝）,1873,1873,4694,特殊,記号,*,*,（＝＾・＾＝）,（＝＾・＾＝）,顔文字
（＝＾＿＾＝）,1873,1873,4694,特殊,記号,*,*,（＝＾＿＾＝）,（＝＾＿＾＝）,顔文字
（＝＾−＾＝）,1873,1873,4694,特殊,記号,*,*,（＝＾−＾＝）,（＝＾−＾＝）,顔文字
（＝＾０＾＝）／,1873,1873,4694,特殊,記号,*,*,（＝＾０＾＝）／,（＝＾０＾＝）／,顔文字
（＝＾０＾＝）ｖ,1873,1873,4694,特殊,記号,*,*,（＝＾０＾＝）ｖ,（＝＾０＾＝）ｖ,顔文字
（＝＾エ＾＝）,1873,1873,4694,特殊,記号,*,*,（＝＾エ＾＝）,（＝＾エ＾＝）,顔文字
（＝＿＝；,1873,1873,4694,特殊,記号,*,*,（＝＿＝；,（＝＿＝；,顔文字
（＝＿＝；　ｚｚｚ,1873,1873,4694,特殊,記号,*,*,（＝＿＝；　ｚｚｚ,（＝＿＝；　ｚｚｚ,顔文字
（＝＿＝）,1873,1873,4694,特殊,記号,*,*,（＝＿＝）,（＝＿＝）,顔文字
（＝Ｏ＝）。ｏ　Ｏ,1873,1873,4694,特殊,記号,*,*,（＝Ｏ＝）。ｏ　Ｏ,（＝Ｏ＝）。ｏ　Ｏ,顔文字
（＞。＜”）,1873,1873,4694,特殊,記号,*,*,（＞。＜”）,（＞。＜”）,顔文字
（＞。＜）ｙ−゜゜゜,1873,1873,4694,特殊,記号,*,*,（＞。＜）ｙ−゜゜゜,（＞。＜）ｙ−゜゜゜,顔文字
（＞．＜）,1873,1873,4694,特殊,記号,*,*,（＞．＜）,（＞．＜）,顔文字
（＞＿＜”）,1873,1873,4694,特殊,記号,*,*,（＞＿＜”）,（＞＿＜”）,顔文字
（＞＿＜）,1873,1873,4694,特殊,記号,*,*,（＞＿＜）,（＞＿＜）,顔文字
（＞＜）,1873,1873,4726,特殊,記号,*,*,（＞＜）,（＞＜）,顔文字
（＞▽＜）,1873,1873,4751,特殊,記号,*,*,（＞▽＜）,（＞▽＜）,顔文字
（＞ｏ＜”）,1873,1873,4694,特殊,記号,*,*,（＞ｏ＜”）,（＞ｏ＜”）,顔文字
（＞ｏ＜）ｙ−,1873,1873,4694,特殊,記号,*,*,（＞ｏ＜）ｙ−,（＞ｏ＜）ｙ−,顔文字
（∴＠＿＠∴）,1873,1873,4694,特殊,記号,*,*,（∴＠＿＠∴）,（∴＠＿＠∴）,顔文字
（∴□−□∴）,1873,1873,4694,特殊,記号,*,*,（∴□−□∴）,（∴□−□∴）,顔文字
（°．°；,1873,1873,4694,特殊,記号,*,*,（°．°；,（°．°；,顔文字
（°））＜＜,1873,1873,4694,特殊,記号,*,*,（°））＜＜,（°））＜＜,顔文字
（°）＃））＜＜,1873,1873,4694,特殊,記号,*,*,（°）＃））＜＜,（°）＃））＜＜,顔文字
（°°；）,1873,1873,4694,特殊,記号,*,*,（°°；）,（°°；）,顔文字
（°°）〜,1873,1873,4694,特殊,記号,*,*,（°°）〜,（°°）〜,顔文字
（°∇°；）,1873,1873,4694,特殊,記号,*,*,（°∇°；）,（°∇°；）,顔文字
（°ё°）,1873,1873,4694,特殊,記号,*,*,（°ё°）,（°ё°）,顔文字
（°ф°）,1873,1873,4694,特殊,記号,*,*,（°ф°）,（°ф°）,顔文字
（°口°；）,1873,1873,4694,特殊,記号,*,*,（°口°；）,（°口°；）,顔文字
（＄＾＾）））,1873,1873,4694,特殊,記号,*,*,（＄＾＾）））,（＄＾＾）））,顔文字
（＃＾．＾＃）,1873,1873,4694,特殊,記号,*,*,（＃＾．＾＃）,（＃＾．＾＃）,顔文字
（＃＾＿＾＃）,1873,1873,4694,特殊,記号,*,*,（＃＾＿＾＃）,（＃＾＿＾＃）,顔文字
（＃＋＿＋）,1873,1873,4694,特殊,記号,*,*,（＃＋＿＋）,（＃＋＿＋）,顔文字
（＃＋＿＋）＼（＾＿＾；；,1873,1873,4694,特殊,記号,*,*,（＃＋＿＋）＼（＾＿＾；；,（＃＋＿＋）＼（＾＿＾；；,顔文字
（＊　＾）（＊＾−＾＊）ゞ,1873,1873,4694,特殊,記号,*,*,（＊　＾）（＊＾−＾＊）ゞ,（＊　＾）（＊＾−＾＊）ゞ,顔文字
（＊　＾）３（＊＾−＾＊）ゞ,1873,1873,4694,特殊,記号,*,*,（＊　＾）３（＊＾−＾＊）ゞ,（＊　＾）３（＊＾−＾＊）ゞ,顔文字
（＊・・）σ,1873,1873,4694,特殊,記号,*,*,（＊・・）σ,（＊・・）σ,顔文字
（＊＾　＾＊　）Ｖ,1873,1873,4694,特殊,記号,*,*,（＊＾　＾＊　）Ｖ,（＊＾　＾＊　）Ｖ,顔文字
（＊＾　＾＊）,1873,1873,4694,特殊,記号,*,*,（＊＾　＾＊）,（＊＾　＾＊）,顔文字
（＊＾。＾＊）,1873,1873,4694,特殊,記号,*,*,（＊＾。＾＊）,（＊＾。＾＊）,顔文字
（＊＾＾）／,1873,1873,4694,特殊,記号,*,*,（＊＾＾）／,（＊＾＾）／,顔文字
（＊＾＾＊ゞ,1873,1873,4694,特殊,記号,*,*,（＊＾＾＊ゞ,（＊＾＾＊ゞ,顔文字
（＊＾＾＊）,1873,1873,4694,特殊,記号,*,*,（＊＾＾＊）,（＊＾＾＊）,顔文字
（＊＾＿＾＊）,1873,1873,4694,特殊,記号,*,*,（＊＾＿＾＊）,（＊＾＿＾＊）,顔文字
（＊＾−＾＊）,1873,1873,4980,特殊,記号,*,*,（＊＾−＾＊）,（＊＾−＾＊）,顔文字
（＊＾３＾）／〜☆,1873,1873,4694,特殊,記号,*,*,（＊＾３＾）／〜☆,（＊＾３＾）／〜☆,顔文字
（＊＾３（＊＾ｏ＾＊）,1873,1873,4694,特殊,記号,*,*,（＊＾３（＊＾ｏ＾＊）,（＊＾３（＊＾ｏ＾＊）,顔文字
（＊＾ｏ＾＊）,1873,1873,4694,特殊,記号,*,*,（＊＾ｏ＾＊）,（＊＾ｏ＾＊）,顔文字
（＊￣▽￣＊）,1873,1873,4694,特殊,記号,*,*,（＊￣▽￣＊）,（＊￣▽￣＊）,顔文字
（＊＿＊；；,1873,1873,4694,特殊,記号,*,*,（＊＿＊；；,（＊＿＊；；,顔文字
（＊＿＊；）,1873,1873,4694,特殊,記号,*,*,（＊＿＊；）,（＊＿＊；）,顔文字
（＊＿＊）,1873,1873,4694,特殊,記号,*,*,（＊＿＊）,（＊＿＊）,顔文字
（＊’（ー）’）,1873,1873,4694,特殊,記号,*,*,（＊’（ー）’）,（＊’（ー）’）,顔文字
（＊’▽’）,1873,1873,4694,特殊,記号,*,*,（＊’▽’）,（＊’▽’）,顔文字
（＊Ｑ＊）,1873,1873,4694,特殊,記号,*,*,（＊Ｑ＊）,（＊Ｑ＊）,顔文字
（＊δ。δ）,1873,1873,4694,特殊,記号,*,*,（＊δ。δ）,（＊δ。δ）,顔文字
（＊δ。δ）σ,1873,1873,4694,特殊,記号,*,*,（＊δ。δ）σ,（＊δ。δ）σ,顔文字
（＊δ−）ｙ─┛￣￣￣￣￣,1873,1873,4694,特殊,記号,*,*,（＊δ−）ｙ─┛￣￣￣￣￣,（＊δ−）ｙ─┛￣￣￣￣￣,顔文字
（＊σ。σ）,1873,1873,4694,特殊,記号,*,*,（＊σ。σ）,（＊σ。σ）,顔文字
（＊σ。σ）σ,1873,1873,4694,特殊,記号,*,*,（＊σ。σ）σ,（＊σ。σ）σ,顔文字
（＊ω＊,1873,1873,4694,特殊,記号,*,*,（＊ω＊,（＊ω＊,顔文字
（＊б。б）,1873,1873,4694,特殊,記号,*,*,（＊б。б）,（＊б。б）,顔文字
（＊бーб＊）,1873,1873,4694,特殊,記号,*,*,（＊бーб＊）,（＊бーб＊）,顔文字
（＊б−）ｙ─┛￣￣￣￣￣,1873,1873,4694,特殊,記号,*,*,（＊б−）ｙ─┛￣￣￣￣￣,（＊б−）ｙ─┛￣￣￣￣￣,顔文字
（＠・〇・＠）,1873,1873,4694,特殊,記号,*,*,（＠・〇・＠）,（＠・〇・＠）,顔文字
（＠＾＾）,1873,1873,4694,特殊,記号,*,*,（＠＾＾）,（＠＾＾）,顔文字
（＠＾０＾＠）,1873,1873,4694,特殊,記号,*,*,（＠＾０＾＠）,（＠＾０＾＠）,顔文字
（＠￣□￣＠；）,1873,1873,4694,特殊,記号,*,*,（＠￣□￣＠；）,（＠￣□￣＠；）,顔文字
（＠＿＠；）,1873,1873,4694,特殊,記号,*,*,（＠＿＠；）,（＠＿＠；）,顔文字
（＠＿＠）,1873,1873,4694,特殊,記号,*,*,（＠＿＠）,（＠＿＠）,顔文字
（＠＿＠）ｙ−￣￣,1873,1873,4694,特殊,記号,*,*,（＠＿＠）ｙ−￣￣,（＠＿＠）ｙ−￣￣,顔文字
（＠⌒◇⌒＠）,1873,1873,4694,特殊,記号,*,*,（＠⌒◇⌒＠）,（＠⌒◇⌒＠）,顔文字
（＠ｏ＠）,1873,1873,4694,特殊,記号,*,*,（＠ｏ＠）,（＠ｏ＠）,顔文字
（＠ム＠）,1873,1873,4694,特殊,記号,*,*,（＠ム＠）,（＠ム＠）,顔文字
（☆。☆）,1873,1873,4694,特殊,記号,*,*,（☆。☆）,（☆。☆）,顔文字
（☆＿★）,1873,1873,4694,特殊,記号,*,*,（☆＿★）,（☆＿★）,顔文字
（○＿○）,1873,1873,4694,特殊,記号,*,*,（○＿○）,（○＿○）,顔文字
（●＾ｏ＾●）,1873,1873,4694,特殊,記号,*,*,（●＾ｏ＾●）,（●＾ｏ＾●）,顔文字
（●＾ｏ＾●）ｖ,1873,1873,4694,特殊,記号,*,*,（●＾ｏ＾●）ｖ,（●＾ｏ＾●）ｖ,顔文字
（●＾ｏ＾●）σ,1873,1873,4694,特殊,記号,*,*,（●＾ｏ＾●）σ,（●＾ｏ＾●）σ,顔文字
（●⌒　⌒●）,1873,1873,4694,特殊,記号,*,*,（●⌒　⌒●）,（●⌒　⌒●）,顔文字
（◎−◎）,1873,1873,4694,特殊,記号,*,*,（◎−◎）,（◎−◎）,顔文字
（◎⌒　⌒◎）,1873,1873,4694,特殊,記号,*,*,（◎⌒　⌒◎）,（◎⌒　⌒◎）,顔文字
（◎⌒○⌒◎）,1873,1873,4694,特殊,記号,*,*,（◎⌒○⌒◎）,（◎⌒○⌒◎）,顔文字
（▲Ｙ▲）,1873,1873,4694,特殊,記号,*,*,（▲Ｙ▲）,（▲Ｙ▲）,顔文字
（▼▼）,1873,1873,4694,特殊,記号,*,*,（▼▼）,（▼▼）,顔文字
（▼▼Ｘ）,1873,1873,4694,特殊,記号,*,*,（▼▼Ｘ）,（▼▼Ｘ）,顔文字
（▼▼メ）,1873,1873,4694,特殊,記号,*,*,（▼▼メ）,（▼▼メ）,顔文字
（→。←）,1873,1873,4694,特殊,記号,*,*,（→。←）,（→。←）,顔文字
（→．←）,1873,1873,4694,特殊,記号,*,*,（→．←）,（→．←）,顔文字
（←＿→）,1873,1873,4694,特殊,記号,*,*,（←＿→）,（←＿→）,顔文字
（〓＿〓）,1873,1873,4694,特殊,記号,*,*,（〓＿〓）,（〓＿〓）,顔文字
（∋＿∈）,1873,1873,4694,特殊,記号,*,*,（∋＿∈）,（∋＿∈）,顔文字
（∩＿∩）,1873,1873,4694,特殊,記号,*,*,（∩＿∩）,（∩＿∩）,顔文字
（∩ё∩）,1873,1873,4694,特殊,記号,*,*,（∩ё∩）,（∩ё∩）,顔文字
（¬¬）,1873,1873,4694,特殊,記号,*,*,（¬¬）,（¬¬）,顔文字
（⌒．−）＝★,1873,1873,4694,特殊,記号,*,*,（⌒．−）＝★,（⌒．−）＝★,顔文字
（⌒＿⌒）,1873,1873,4694,特殊,記号,*,*,（⌒＿⌒）,（⌒＿⌒）,顔文字
（⌒ー⌒）σ,1873,1873,4694,特殊,記号,*,*,（⌒ー⌒）σ,（⌒ー⌒）σ,顔文字
（⌒○　⌒）,1873,1873,4694,特殊,記号,*,*,（⌒○　⌒）,（⌒○　⌒）,顔文字
（⌒▽⌒）,1873,1873,4694,特殊,記号,*,*,（⌒▽⌒）,（⌒▽⌒）,顔文字
（⌒⌒）ｖ,1873,1873,4694,特殊,記号,*,*,（⌒⌒）ｖ,（⌒⌒）ｖ,顔文字
（∂。−）−☆,1873,1873,4694,特殊,記号,*,*,（∂。−）−☆,（∂。−）−☆,顔文字
（∂。∂。；；,1873,1873,4694,特殊,記号,*,*,（∂。∂。；；,（∂。∂。；；,顔文字
（∂。∂ゞ,1873,1873,4694,特殊,記号,*,*,（∂。∂ゞ,（∂。∂ゞ,顔文字
（∂∂）♪,1873,1873,4694,特殊,記号,*,*,（∂∂）♪,（∂∂）♪,顔文字
（∂Ｏ∂；）,1873,1873,4694,特殊,記号,*,*,（∂Ｏ∂；）,（∂Ｏ∂；）,顔文字
（≡＾⊥＾≡）ｍ,1873,1873,4694,特殊,記号,*,*,（≡＾⊥＾≡）ｍ,（≡＾⊥＾≡）ｍ,顔文字
（≡≡；）,1873,1873,4694,特殊,記号,*,*,（≡≡；）,（≡≡；）,顔文字
（∵）,1873,1873,4694,特殊,記号,*,*,（∵）,（∵）,顔文字
（０＾Ａ＾０）,1873,1873,4694,特殊,記号,*,*,（０＾Ａ＾０）,（０＾Ａ＾０）,顔文字
（Ｏ．Ｏ；）（ｏ。ｏ；）,1873,1873,4694,特殊,記号,*,*,（Ｏ．Ｏ；）（ｏ。ｏ；）,（Ｏ．Ｏ；）（ｏ。ｏ；）,顔文字
（Ｏ．Ｏ；）（ｏｏ；）,1873,1873,4694,特殊,記号,*,*,（Ｏ．Ｏ；）（ｏｏ；）,（Ｏ．Ｏ；）（ｏｏ；）,顔文字
（Ｑ＿Ｑ）,1873,1873,4694,特殊,記号,*,*,（Ｑ＿Ｑ）,（Ｑ＿Ｑ）,顔文字
（Ｔ．Ｔ　）　（　Ｔ．Ｔ）,1873,1873,4694,特殊,記号,*,*,（Ｔ．Ｔ　）　（　Ｔ．Ｔ）,（Ｔ．Ｔ　）　（　Ｔ．Ｔ）,顔文字
（Ｔ．Ｔ）,1873,1873,4694,特殊,記号,*,*,（Ｔ．Ｔ）,（Ｔ．Ｔ）,顔文字
（Ｔ＾Ｔ）,1873,1873,4694,特殊,記号,*,*,（Ｔ＾Ｔ）,（Ｔ＾Ｔ）,顔文字
（Ｔ＿Ｔ）,1873,1873,4694,特殊,記号,*,*,（Ｔ＿Ｔ）,（Ｔ＿Ｔ）,顔文字
（Ｔ−Ｔ）,1873,1873,4694,特殊,記号,*,*,（Ｔ−Ｔ）,（Ｔ−Ｔ）,顔文字
（Ｔ−Ｔ）人（Ｔ−Ｔ）,1873,1873,4694,特殊,記号,*,*,（Ｔ−Ｔ）人（Ｔ−Ｔ）,（Ｔ−Ｔ）人（Ｔ−Ｔ）,顔文字
（Ｔ◇Ｔ）,1873,1873,4694,特殊,記号,*,*,（Ｔ◇Ｔ）,（Ｔ◇Ｔ）,顔文字
（Ｔ０Ｔ）,1873,1873,4694,特殊,記号,*,*,（Ｔ０Ｔ）,（Ｔ０Ｔ）,顔文字
（ＴＯＴ）,1873,1873,4694,特殊,記号,*,*,（ＴＯＴ）,（ＴＯＴ）,顔文字
（ＴｏＴ）,1873,1873,4694,特殊,記号,*,*,（ＴｏＴ）,（ＴｏＴ）,顔文字
（ＴｏＴ）σ,1873,1873,4694,特殊,記号,*,*,（ＴｏＴ）σ,（ＴｏＴ）σ,顔文字
（Ｕ・ｘ・Ｕ）,1873,1873,4694,特殊,記号,*,*,（Ｕ・ｘ・Ｕ）,（Ｕ・ｘ・Ｕ）,顔文字
（Ｖ）ｏ＼ｏ（Ｖ）,1873,1873,4694,特殊,記号,*,*,（Ｖ）ｏ＼ｏ（Ｖ）,（Ｖ）ｏ＼ｏ（Ｖ）,顔文字
（ｅ＿ｅ）,1873,1873,4694,特殊,記号,*,*,（ｅ＿ｅ）,（ｅ＿ｅ）,顔文字
（ｆ＾＾）,1873,1873,4694,特殊,記号,*,*,（ｆ＾＾）,（ｆ＾＾）,顔文字
（ｉ＿ｉ）,1873,1873,4694,特殊,記号,*,*,（ｉ＿ｉ）,（ｉ＿ｉ）,顔文字
（ｉ−ｉ）,1873,1873,4694,特殊,記号,*,*,（ｉ−ｉ）,（ｉ−ｉ）,顔文字
（ｏ＾＿＾ｏ）σ,1873,1873,4694,特殊,記号,*,*,（ｏ＾＿＾ｏ）σ,（ｏ＾＿＾ｏ）σ,顔文字
（ｏ（＾−＾）ｏ）,1873,1873,4694,特殊,記号,*,*,（ｏ（＾−＾）ｏ）,（ｏ（＾−＾）ｏ）,顔文字
（ｏ∀ｏ）,1873,1873,4694,特殊,記号,*,*,（ｏ∀ｏ）,（ｏ∀ｏ）,顔文字
（ｐ＿＾）／　Ｃ　Ｕ　ｎ　．,1873,1873,4694,特殊,記号,*,*,（ｐ＿＾）／　Ｃ　Ｕ　ｎ　．,（ｐ＿＾）／　Ｃ　Ｕ　ｎ　．,顔文字
（ｐ＿−）,1873,1873,4694,特殊,記号,*,*,（ｐ＿−）,（ｐ＿−）,顔文字
（ｖ＿ｖ）,1873,1873,4694,特殊,記号,*,*,（ｖ＿ｖ）,（ｖ＿ｖ）,顔文字
（ｘ＿∂）,1873,1873,4694,特殊,記号,*,*,（ｘ＿∂）,（ｘ＿∂）,顔文字
（ｘ＿ｘ）,1873,1873,4694,特殊,記号,*,*,（ｘ＿ｘ）,（ｘ＿ｘ）,顔文字
（ｘＬｘ）ヾ,1873,1873,4694,特殊,記号,*,*,（ｘＬｘ）ヾ,（ｘＬｘ）ヾ,顔文字
（ノ・・）ノ,1873,1873,4694,特殊,記号,*,*,（ノ・・）ノ,（ノ・・）ノ,顔文字
（ノ＿δ。）,1873,1873,4694,特殊,記号,*,*,（ノ＿δ。）,（ノ＿δ。）,顔文字
（ヘ＿ヘ）,1873,1873,4694,特殊,記号,*,*,（ヘ＿ヘ）,（ヘ＿ヘ）,顔文字
（メ＿−）,1873,1873,4694,特殊,記号,*,*,（メ＿−）,（メ＿−）,顔文字
（メ＿メ）,1873,1873,4694,特殊,記号,*,*,（メ＿メ）,（メ＿メ）,顔文字
（メ−＿−）σ,1873,1873,4694,特殊,記号,*,*,（メ−＿−）σ,（メ−＿−）σ,顔文字
（ΘｏΘ）σ,1873,1873,4694,特殊,記号,*,*,（ΘｏΘ）σ,（ΘｏΘ）σ,顔文字
（αз−）　−☆,1873,1873,4694,特殊,記号,*,*,（αз−）　−☆,（αз−）　−☆,顔文字
（δ＿−）−☆,1873,1873,4694,特殊,記号,*,*,（δ＿−）−☆,（δ＿−）−☆,顔文字
（δ＿δ）．．．ン,1873,1873,4694,特殊,記号,*,*,（δ＿δ）．．．ン,（δ＿δ）．．．ン,顔文字
（δ▽δ；；）げ〜,1873,1873,4694,特殊,記号,*,*,（δ▽δ；；）げ〜,（δ▽δ；；）げ〜,顔文字
（σ＿σ）．．．ン,1873,1873,4694,特殊,記号,*,*,（σ＿σ）．．．ン,（σ＿σ）．．．ン,顔文字
（б＿−）−☆,1873,1873,4694,特殊,記号,*,*,（б＿−）−☆,（б＿−）−☆,顔文字
（б＿б）．．．ン,1873,1873,4694,特殊,記号,*,*,（б＿б）．．．ン,（б＿б）．．．ン,顔文字
（б−б）,1873,1873,4694,特殊,記号,*,*,（б−б）,（б−б）,顔文字
（б▽б；；）げ〜,1873,1873,4694,特殊,記号,*,*,（б▽б；；）げ〜,（б▽б；；）げ〜,顔文字
（ё。−）・・☆,1873,1873,4694,特殊,記号,*,*,（ё。−）・・☆,（ё。−）・・☆,顔文字
（ё＿ё）,1873,1873,4694,特殊,記号,*,*,（ё＿ё）,（ё＿ё）,顔文字
（ё）,1873,1873,4694,特殊,記号,*,*,（ё）,（ё）,顔文字
（┌・。・）┌　♪,1873,1873,4694,特殊,記号,*,*,（┌・。・）┌　♪,（┌・。・）┌　♪,顔文字
（━）,1873,1873,4694,特殊,記号,*,*,（━）,（━）,顔文字
）：,1873,1873,4694,特殊,記号,*,*,）：,）：,顔文字
）：−（,1873,1873,4694,特殊,記号,*,*,）：−（,）：−（,顔文字
）＾；,1873,1873,4694,特殊,記号,*,*,）＾；,）＾；,顔文字
）＾ｏ＾（,1873,1873,4694,特殊,記号,*,*,）＾ｏ＾（,）＾ｏ＾（,顔文字
）￣ε￣（,1873,1873,4694,特殊,記号,*,*,）￣ε￣（,）￣ε￣（,顔文字
）−：,1873,1873,4694,特殊,記号,*,*,）−：,）−：,顔文字
）−：｜＞＊,1873,1873,4694,特殊,記号,*,*,）−：｜＞＊,）−：｜＞＊,顔文字
）−：（,1873,1873,4694,特殊,記号,*,*,）−：（,）−：（,顔文字
）−：［,1873,1873,4694,特殊,記号,*,*,）−：［,）−：［,顔文字
）−：｛,1873,1873,4694,特殊,記号,*,*,）−：｛,）−：｛,顔文字
）−；,1873,1873,4694,特殊,記号,*,*,）−；,）−；,顔文字
）−；（,1873,1873,4694,特殊,記号,*,*,）−；（,）−；（,顔文字
）−；［,1873,1873,4694,特殊,記号,*,*,）−；［,）−；［,顔文字
）−；｛,1873,1873,4694,特殊,記号,*,*,）−；｛,）−；｛,顔文字
）−Ｘ,1873,1873,4694,特殊,記号,*,*,）−Ｘ,）−Ｘ,顔文字
）８：,1873,1873,4694,特殊,記号,*,*,）８：,）８：,顔文字
〔≡＿≡；〕,1873,1873,4694,特殊,記号,*,*,〔≡＿≡；〕,〔≡＿≡；〕,顔文字
［：−）,1873,1873,4694,特殊,記号,*,*,［：−）,［：−）,顔文字
［；＊＿＊；］,1873,1873,4694,特殊,記号,*,*,［；＊＿＊；］,［；＊＿＊；］,顔文字
［●＿●］,1873,1873,4694,特殊,記号,*,*,［●＿●］,［●＿●］,顔文字
］−：,1873,1873,4694,特殊,記号,*,*,］−：,］−：,顔文字
］−；,1873,1873,4694,特殊,記号,*,*,］−；,］−；,顔文字
｛：−）,1873,1873,4694,特殊,記号,*,*,｛：−）,｛：−）,顔文字
｛｛　（＞＿＜）　｝｝,1873,1873,4694,特殊,記号,*,*,｛｛　（＞＿＜）　｝｝,｛｛　（＞＿＜）　｝｝,顔文字
｛｛？＿？｝｝,1873,1873,4694,特殊,記号,*,*,｛｛？＿？｝｝,｛｛？＿？｝｝,顔文字
｛｝−：,1873,1873,4694,特殊,記号,*,*,｛｝−：,｛｝−：,顔文字
｛｝−；,1873,1873,4694,特殊,記号,*,*,｛｝−；,｛｝−；,顔文字
｛ｏ＿ｏ｀,1873,1873,4694,特殊,記号,*,*,｛ｏ＿ｏ｀,｛ｏ＿ｏ｀,顔文字
【・・；】,1873,1873,4694,特殊,記号,*,*,【・・；】,【・・；】,顔文字
【・＿・？】,1873,1873,4694,特殊,記号,*,*,【・＿・？】,【・＿・？】,顔文字
【・＿・】,1873,1873,4694,特殊,記号,*,*,【・＿・】,【・＿・】,顔文字
【・ヘ・？】,1873,1873,4694,特殊,記号,*,*,【・ヘ・？】,【・ヘ・？】,顔文字
【＾＿＾】,1873,1873,4694,特殊,記号,*,*,【＾＿＾】,【＾＿＾】,顔文字
【Ｔ＿Ｔ】,1873,1873,4694,特殊,記号,*,*,【Ｔ＿Ｔ】,【Ｔ＿Ｔ】,顔文字
【ノ＿；】,1873,1873,4694,特殊,記号,*,*,【ノ＿；】,【ノ＿；】,顔文字
−ｔ（　＾ｏ＾）。ｏ　０,1873,1873,4694,特殊,記号,*,*,−ｔ（　＾ｏ＾）。ｏ　０,−ｔ（　＾ｏ＾）。ｏ　０,顔文字
＝＾＾＝,1873,1873,4694,特殊,記号,*,*,＝＾＾＝,＝＾＾＝,顔文字
＝＾＿＾＝,1873,1873,4694,特殊,記号,*,*,＝＾＿＾＝,＝＾＿＾＝,顔文字
＜＾！＾＞,1873,1873,4694,特殊,記号,*,*,＜＾！＾＞,＜＾！＾＞,顔文字
＜（。＿。）＞,1873,1873,4694,特殊,記号,*,*,＜（。＿。）＞,＜（。＿。）＞,顔文字
＜（・｜・）＞ノ,1873,1873,4694,特殊,記号,*,*,＜（・｜・）＞ノ,＜（・｜・）＞ノ,顔文字
＜（｀＾´）＞,1873,1873,4694,特殊,記号,*,*,＜（｀＾´）＞,＜（｀＾´）＞,顔文字
＜（￣＾￣）＞,1873,1873,4694,特殊,記号,*,*,＜（￣＾￣）＞,＜（￣＾￣）＞,顔文字
＜（＿　＿）＞,1873,1873,4694,特殊,記号,*,*,＜（＿　＿）＞,＜（＿　＿）＞,顔文字
＜−：,1873,1873,4694,特殊,記号,*,*,＜−：,＜−：,顔文字
＜−；,1873,1873,4694,特殊,記号,*,*,＜−；,＜−；,顔文字
＜−３：,1873,1873,4694,特殊,記号,*,*,＜−３：,＜−３：,顔文字
＜＞−：,1873,1873,4694,特殊,記号,*,*,＜＞−：,＜＞−：,顔文字
＜＞−；,1873,1873,4694,特殊,記号,*,*,＜＞−；,＜＞−；,顔文字
＞｀´】【｀´＜,1873,1873,4694,特殊,記号,*,*,＞｀´】【｀´＜,＞｀´】【｀´＜,顔文字
＞−：,1873,1873,4694,特殊,記号,*,*,＞−：,＞−：,顔文字
＞−；,1873,1873,4694,特殊,記号,*,*,＞−；,＞−；,顔文字
＞°）ｍ〜〜〜∈,1873,1873,4694,特殊,記号,*,*,＞°）ｍ〜〜〜∈,＞°）ｍ〜〜〜∈,顔文字
≧〔゜゜〕≦,1873,1873,4694,特殊,記号,*,*,≧〔゜゜〕≦,≧〔゜゜〕≦,顔文字
♀＿（｀Ｏ’）　♪♪,1873,1873,4694,特殊,記号,*,*,♀＿（｀Ｏ’）　♪♪,♀＿（｀Ｏ’）　♪♪,顔文字
♀＿（δＯδ＊）　♪,1873,1873,4694,特殊,記号,*,*,♀＿（δＯδ＊）　♪,♀＿（δＯδ＊）　♪,顔文字
♀＿（бＯб＊）　♪,1873,1873,4694,特殊,記号,*,*,♀＿（бＯб＊）　♪,♀＿（бＯб＊）　♪,顔文字
＄＾＿＾＄,1873,1873,4694,特殊,記号,*,*,＄＾＿＾＄,＄＾＿＾＄,顔文字
＃−；,1873,1873,4694,特殊,記号,*,*,＃−；,＃−；,顔文字
＊−；,1873,1873,4694,特殊,記号,*,*,＊−；,＊−；,顔文字
＠＾ェ＾＠,1873,1873,-44,特殊,記号,*,*,＠＾ェ＾＠,＠＾ェ＾＠,顔文字
＠（＾＿＾）＠,1873,1873,-44,特殊,記号,*,*,＠（＾＿＾）＠,＠（＾＿＾）＠,顔文字
＠−：,1873,1873,-44,特殊,記号,*,*,＠−：,＠−：,顔文字
＠−；,1873,1873,-44,特殊,記号,*,*,＠−；,＠−；,顔文字
§＾。＾§,1873,1873,4694,特殊,記号,*,*,§＾。＾§,§＾。＾§,顔文字
§＾＿＾§,1873,1873,4694,特殊,記号,*,*,§＾＿＾§,§＾＿＾§,顔文字
☆〜（ゝ。∂）,1873,1873,4694,特殊,記号,*,*,☆〜（ゝ。∂）,☆〜（ゝ。∂）,顔文字
★＝（−．⌒）,1873,1873,4694,特殊,記号,*,*,★＝（−．⌒）,★＝（−．⌒）,顔文字
★≡（−＿＾）,1873,1873,4694,特殊,記号,*,*,★≡（−＿＾）,★≡（−＿＾）,顔文字
○（・ｘ・）○,1873,1873,4694,特殊,記号,*,*,○（・ｘ・）○,○（・ｘ・）○,顔文字
○ｏ。（−−,1873,1873,4694,特殊,記号,*,*,○ｏ。（−−,○ｏ。（−−,顔文字
◆＼（＾＾）／◇,1873,1873,4694,特殊,記号,*,*,◆＼（＾＾）／◇,◆＼（＾＾）／◇,顔文字
◆＼（＾＾）／◆,1873,1873,4694,特殊,記号,*,*,◆＼（＾＾）／◆,◆＼（＾＾）／◆,顔文字
□＿ρ（・。・〃）,1873,1873,4694,特殊,記号,*,*,□＿ρ（・。・〃）,□＿ρ（・。・〃）,顔文字
□＿ρ（＾。＾〃）,1873,1873,4694,特殊,記号,*,*,□＿ρ（＾。＾〃）,□＿ρ（＾。＾〃）,顔文字
□＿ρ（∂。∂〃）,1873,1873,4694,特殊,記号,*,*,□＿ρ（∂。∂〃）,□＿ρ（∂。∂〃）,顔文字
□＿ρ（δ＿δ〃）,1873,1873,4694,特殊,記号,*,*,□＿ρ（δ＿δ〃）,□＿ρ（δ＿δ〃）,顔文字
□＿ρ（σ＿σ〃）,1873,1873,4694,特殊,記号,*,*,□＿ρ（σ＿σ〃）,□＿ρ（σ＿σ〃）,顔文字
□＿ρ（б＿б〃）,1873,1873,4694,特殊,記号,*,*,□＿ρ（б＿б〃）,□＿ρ（б＿б〃）,顔文字
□Ｄ＼（＊＾。＾＊）,1873,1873,4694,特殊,記号,*,*,□Ｄ＼（＊＾。＾＊）,□Ｄ＼（＊＾。＾＊）,顔文字
▽・＿・；▽,1873,1873,4694,特殊,記号,*,*,▽・＿・；▽,▽・＿・；▽,顔文字
▽（・ｏ・）▽,1873,1873,4694,特殊,記号,*,*,▽（・ｏ・）▽,▽（・ｏ・）▽,顔文字
▽（−ｏ−）▽,1873,1873,4694,特殊,記号,*,*,▽（−ｏ−）▽,▽（−ｏ−）▽,顔文字
▼ｏ・ェ・ｏ▼,1873,1873,4694,特殊,記号,*,*,▼ｏ・ェ・ｏ▼,▼ｏ・ェ・ｏ▼,顔文字
∈・●・∋,1873,1873,4694,特殊,記号,*,*,∈・●・∋,∈・●・∋,顔文字
⊆（⌒◎⌒）⊇,1873,1873,4694,特殊,記号,*,*,⊆（⌒◎⌒）⊇,⊆（⌒◎⌒）⊇,顔文字
⊂￣−￣⊃,1873,1873,4694,特殊,記号,*,*,⊂￣−￣⊃,⊂￣−￣⊃,顔文字
⊂（・Ｏ・）⊃,1873,1873,4694,特殊,記号,*,*,⊂（・Ｏ・）⊃,⊂（・Ｏ・）⊃,顔文字
⊂（＾（工）＾）⊃,1873,1873,4694,特殊,記号,*,*,⊂（＾（工）＾）⊃,⊂（＾（工）＾）⊃,顔文字
⊂（◎（工）◎）⊃,1873,1873,4694,特殊,記号,*,*,⊂（◎（工）◎）⊃,⊂（◎（工）◎）⊃,顔文字
⌒（ё）⌒,1873,1873,4694,特殊,記号,*,*,⌒（ё）⌒,⌒（ё）⌒,顔文字
≫（’．’）≪,1873,1873,4694,特殊,記号,*,*,≫（’．’）≪,≫（’．’）≪,顔文字
≫（’♀’）≪,1873,1873,4694,特殊,記号,*,*,≫（’♀’）≪,≫（’♀’）≪,顔文字
≫（’∀’）≪,1873,1873,4694,特殊,記号,*,*,≫（’∀’）≪,≫（’∀’）≪,顔文字
∽（’△’）∽,1873,1873,4694,特殊,記号,*,*,∽（’△’）∽,∽（’△’）∽,顔文字
∬￣（∂＿∂）,1873,1873,4694,特殊,記号,*,*,∬￣（∂＿∂）,∬￣（∂＿∂）,顔文字
∬（’。’）∬,1873,1873,4694,特殊,記号,*,*,∬（’。’）∬,∬（’。’）∬,顔文字
♪　ｄ（⌒ｏ⌒）ｂ♪,1873,1873,4694,特殊,記号,*,*,♪　ｄ（⌒ｏ⌒）ｂ♪,♪　ｄ（⌒ｏ⌒）ｂ♪,顔文字
♪ヽ（´▽｀）／,1873,1873,4694,特殊,記号,*,*,♪ヽ（´▽｀）／,♪ヽ（´▽｀）／,顔文字
♪〜（￣ε￣；）,1873,1873,4694,特殊,記号,*,*,♪〜（￣ε￣；）,♪〜（￣ε￣；）,顔文字
♪〜θ（＾０＾　）,1873,1873,4694,特殊,記号,*,*,♪〜θ（＾０＾　）,♪〜θ（＾０＾　）,顔文字
３（−＿＾；）,1873,1873,7802,特殊,記号,*,*,３（−＿＾；）,３（−＿＾；）,顔文字
３（−＿＾）,1873,1873,7802,特殊,記号,*,*,３（−＿＾）,３（−＿＾）,顔文字
８￣ー￣８,1873,1873,7802,特殊,記号,*,*,８￣ー￣８,８￣ー￣８,顔文字
８（＾＿＾）８,1873,1873,7802,特殊,記号,*,*,８（＾＿＾）８,８（＾＿＾）８,顔文字
８（＊＾＾＃）８,1873,1873,7802,特殊,記号,*,*,８（＊＾＾＃）８,８（＊＾＾＃）８,顔文字
８（＊＾＾＊）８,1873,1873,7802,特殊,記号,*,*,８（＊＾＾＊）８,８（＊＾＾＊）８,顔文字
Ｄ：,1873,1873,6758,特殊,記号,*,*,Ｄ：,Ｄ：,顔文字
Ｄ＾：,1873,1873,6758,特殊,記号,*,*,Ｄ＾：,Ｄ＾：,顔文字
Ｄ−：,1873,1873,6758,特殊,記号,*,*,Ｄ−：,Ｄ−：,顔文字
Ｌ（”。＾）／,1873,1873,6758,特殊,記号,*,*,Ｌ（”。＾）／,Ｌ（”。＾）／,顔文字
Ｏ（−＠−）Ｏ,1873,1873,6758,特殊,記号,*,*,Ｏ（−＠−）Ｏ,Ｏ（−＠−）Ｏ,顔文字
Ｏ−：,1873,1873,6758,特殊,記号,*,*,Ｏ−：,Ｏ−：,顔文字
Ｏ−；,1873,1873,6758,特殊,記号,*,*,Ｏ−；,Ｏ−；,顔文字
Ｏｏ。．（＾。＾）ｙ−〜,1873,1873,6758,特殊,記号,*,*,Ｏｏ。．（＾。＾）ｙ−〜,Ｏｏ。．（＾。＾）ｙ−〜,顔文字
Ｏｏ。（＾。＾）ｙ−゜,1873,1873,6758,特殊,記号,*,*,Ｏｏ。（＾。＾）ｙ−゜,Ｏｏ。（＾。＾）ｙ−゜,顔文字
Ｐ−：,1873,1873,6758,特殊,記号,*,*,Ｐ−：,Ｐ−：,顔文字
Ｐ−；,1873,1873,6758,特殊,記号,*,*,Ｐ−；,Ｐ−；,顔文字
Ｑ　［ｌ　＿　ｌ］￣,1873,1873,6758,特殊,記号,*,*,Ｑ　［ｌ　＿　ｌ］￣,Ｑ　［ｌ　＿　ｌ］￣,顔文字
Ｑ−：,1873,1873,6758,特殊,記号,*,*,Ｑ−：,Ｑ−：,顔文字
Ｑ−；,1873,1873,6758,特殊,記号,*,*,Ｑ−；,Ｑ−；,顔文字
Ｔ。Ｔ）,1873,1873,6758,特殊,記号,*,*,Ｔ。Ｔ）,Ｔ。Ｔ）,顔文字
Ｔ＾Ｔ）,1873,1873,6758,特殊,記号,*,*,Ｔ＾Ｔ）,Ｔ＾Ｔ）,顔文字
Ｕ＾ェ＾Ｕ,1873,1873,6758,特殊,記号,*,*,Ｕ＾ェ＾Ｕ,Ｕ＾ェ＾Ｕ,顔文字
Ｖ（＾０＾）,1873,1873,6758,特殊,記号,*,*,Ｖ（＾０＾）,Ｖ（＾０＾）,顔文字
Ｖ−：,1873,1873,6758,特殊,記号,*,*,Ｖ−：,Ｖ−：,顔文字
Ｖ−；,1873,1873,6758,特殊,記号,*,*,Ｖ−；,Ｖ−；,顔文字
Ｖ＝（°　°）＝Ｖ,1873,1873,6758,特殊,記号,*,*,Ｖ＝（°　°）＝Ｖ,Ｖ＝（°　°）＝Ｖ,顔文字
Ｗ　＾．＾　Ｗ,1873,1873,6758,特殊,記号,*,*,Ｗ　＾．＾　Ｗ,Ｗ　＾．＾　Ｗ,顔文字
Ｗ＾．＾Ｗ,1873,1873,6758,特殊,記号,*,*,Ｗ＾．＾Ｗ,Ｗ＾．＾Ｗ,顔文字
Ｘ−：,1873,1873,6758,特殊,記号,*,*,Ｘ−：,Ｘ−：,顔文字
Ｘ−；,1873,1873,6758,特殊,記号,*,*,Ｘ−；,Ｘ−；,顔文字
Ｙ（＞＿＜、）Ｙ,1873,1873,6758,特殊,記号,*,*,Ｙ（＞＿＜、）Ｙ,Ｙ（＞＿＜、）Ｙ,顔文字
ｂ　：,1873,1873,6758,特殊,記号,*,*,ｂ　：,ｂ　：,顔文字
ｄ（＾−＾）ネ,1873,1873,6758,特殊,記号,*,*,ｄ（＾−＾）ネ,ｄ（＾−＾）ネ,顔文字
ｄ（（＾ェ＾））ｂ,1873,1873,6758,特殊,記号,*,*,ｄ（（＾ェ＾））ｂ,ｄ（（＾ェ＾））ｂ,顔文字
ｄ（−＿＾）,1873,1873,6758,特殊,記号,*,*,ｄ（−＿＾）,ｄ（−＿＾）,顔文字
ｄ＝（＾ｏ＾）＝ｂ,1873,1873,6758,特殊,記号,*,*,ｄ＝（＾ｏ＾）＝ｂ,ｄ＝（＾ｏ＾）＝ｂ,顔文字
ｆ（＾＾；）,1873,1873,6758,特殊,記号,*,*,ｆ（＾＾；）,ｆ（＾＾；）,顔文字
ｍ（．＿．）ｍ,1873,1873,6758,特殊,記号,*,*,ｍ（．＿．）ｍ,ｍ（．＿．）ｍ,顔文字
ｍ（￣ー￣ｍ）〜,1873,1873,6758,特殊,記号,*,*,ｍ（￣ー￣ｍ）〜,ｍ（￣ー￣ｍ）〜,顔文字
ｍ（￣−￣ｍ）〜,1873,1873,6758,特殊,記号,*,*,ｍ（￣−￣ｍ）〜,ｍ（￣−￣ｍ）〜,顔文字
ｍ（￣ｏ￣ｍ）〜,1873,1873,6758,特殊,記号,*,*,ｍ（￣ｏ￣ｍ）〜,ｍ（￣ｏ￣ｍ）〜,顔文字
ｍ（＿　＿）ｍ,1873,1873,6758,特殊,記号,*,*,ｍ（＿　＿）ｍ,ｍ（＿　＿）ｍ,顔文字
ｍ（＿＿）ｍ,1873,1873,6758,特殊,記号,*,*,ｍ（＿＿）ｍ,ｍ（＿＿）ｍ,顔文字
ｍ｛ｏＹｏ｝屮,1873,1873,6758,特殊,記号,*,*,ｍ｛ｏＹｏ｝屮,ｍ｛ｏＹｏ｝屮,顔文字
ｏ／）￣￣（＾＾）,1873,1873,6758,特殊,記号,*,*,ｏ／）￣￣（＾＾）,ｏ／）￣￣（＾＾）,顔文字
ｏ（．．　）ｏ,1873,1873,6758,特殊,記号,*,*,ｏ（．．　）ｏ,ｏ（．．　）ｏ,顔文字
ｏ（＾＾ｏ）（ｏ＾＾）ｏ,1873,1873,6758,特殊,記号,*,*,ｏ（＾＾ｏ）（ｏ＾＾）ｏ,ｏ（＾＾ｏ）（ｏ＾＾）ｏ,顔文字
ｏ（＾＿−）Ｏ,1873,1873,6758,特殊,記号,*,*,ｏ（＾＿−）Ｏ,ｏ（＾＿−）Ｏ,顔文字
ｏ（＾−＾）ｏ,1873,1873,6758,特殊,記号,*,*,ｏ（＾−＾）ｏ,ｏ（＾−＾）ｏ,顔文字
ｏ（＾◇＾；）ｏ,1873,1873,6758,特殊,記号,*,*,ｏ（＾◇＾；）ｏ,ｏ（＾◇＾；）ｏ,顔文字
ｏ（＾ｏ＾）ｏ,1873,1873,6758,特殊,記号,*,*,ｏ（＾ｏ＾）ｏ,ｏ（＾ｏ＾）ｏ,顔文字
ｏ（＾ｏ＾ｏ）（ｏ＾ｏ＾）ｏ,1873,1873,6758,特殊,記号,*,*,ｏ（＾ｏ＾ｏ）（ｏ＾ｏ＾）ｏ,ｏ（＾ｏ＾ｏ）（ｏ＾ｏ＾）ｏ,顔文字
ｏ（（＝°ェ°＝））ｏ,1873,1873,6758,特殊,記号,*,*,ｏ（（＝°ェ°＝））ｏ,ｏ（（＝°ェ°＝））ｏ,顔文字
ｏ（＊゜▽￣＊）ｏ,1873,1873,6758,特殊,記号,*,*,ｏ（＊゜▽￣＊）ｏ,ｏ（＊゜▽￣＊）ｏ,顔文字
ｏ（＊＾▽＾＊）ｏ￣♪,1873,1873,6758,特殊,記号,*,*,ｏ（＊＾▽＾＊）ｏ￣♪,ｏ（＊＾▽＾＊）ｏ￣♪,顔文字
ｏ（ｏ｜ｏ）／,1873,1873,6758,特殊,記号,*,*,ｏ（ｏ｜ｏ）／,ｏ（ｏ｜ｏ）／,顔文字
ｏ−；,1873,1873,6758,特殊,記号,*,*,ｏ−；,ｏ−；,顔文字
ｏ−［＾＿＾］−ｏ,1873,1873,6758,特殊,記号,*,*,ｏ−［＾＿＾］−ｏ,ｏ−［＾＿＾］−ｏ,顔文字
ｐ　：,1873,1873,6758,特殊,記号,*,*,ｐ　：,ｐ　：,顔文字
ｒ（−●＿●−）,1873,1873,6758,特殊,記号,*,*,ｒ（−●＿●−）,ｒ（−●＿●−）,顔文字
ｒ（−◎＿◎−）,1873,1873,6758,特殊,記号,*,*,ｒ（−◎＿◎−）,ｒ（−◎＿◎−）,顔文字
ｒ（ээ）,1873,1873,6758,特殊,記号,*,*,ｒ（ээ）,ｒ（ээ）,顔文字
ｖ．．Ｖ,1873,1873,6758,特殊,記号,*,*,ｖ．．Ｖ,ｖ．．Ｖ,顔文字
ｖ（＾＾）ｖ,1873,1873,6758,特殊,記号,*,*,ｖ（＾＾）ｖ,ｖ（＾＾）ｖ,顔文字
ｖ（＾ｏ＾）,1873,1873,6758,特殊,記号,*,*,ｖ（＾ｏ＾）,ｖ（＾ｏ＾）,顔文字
ｖ（￣∇￣）ｖ,1873,1873,6758,特殊,記号,*,*,ｖ（￣∇￣）ｖ,ｖ（￣∇￣）ｖ,顔文字
ｖ（＝∩＿∩＝）,1873,1873,6758,特殊,記号,*,*,ｖ（＝∩＿∩＝）,ｖ（＝∩＿∩＝）,顔文字
ｗ（：＿；）ｗ,1873,1873,6758,特殊,記号,*,*,ｗ（：＿；）ｗ,ｗ（：＿；）ｗ,顔文字
ｗ（゜ｏ゜）ｗ,1873,1873,6758,特殊,記号,*,*,ｗ（゜ｏ゜）ｗ,ｗ（゜ｏ゜）ｗ,顔文字
ｙ−￣￣￣,1873,1873,6758,特殊,記号,*,*,ｙ−￣￣￣,ｙ−￣￣￣,顔文字
く（⌒◇⌒）ノ,1873,1873,9018,特殊,記号,*,*,く（⌒◇⌒）ノ,く（⌒◇⌒）ノ,顔文字
ぐ（＾−＾）ｇ,1873,1873,9018,特殊,記号,*,*,ぐ（＾−＾）ｇ,ぐ（＾−＾）ｇ,顔文字
ぐ−！　（＾Ｏ＾）ｇ,1873,1873,9018,特殊,記号,*,*,ぐ−！　（＾Ｏ＾）ｇ,ぐ−！　（＾Ｏ＾）ｇ,顔文字
へ（゜ο°；）／,1873,1873,9018,特殊,記号,*,*,へ（゜ο°；）／,へ（゜ο°；）／,顔文字
へ（×＿×；）へ,1873,1873,9018,特殊,記号,*,*,へ（×＿×；）へ,へ（×＿×；）へ,顔文字
へ（ё）へ,1873,1873,9018,特殊,記号,*,*,へ（ё）へ,へ（ё）へ,顔文字
ジ〜　（・＿・｜,1873,1873,7429,特殊,記号,*,*,ジ〜　（・＿・｜,ジ〜　（・＿・｜,顔文字
ノ＾＿＾ル,1873,1873,7429,特殊,記号,*,*,ノ＾＿＾ル,ノ＾＿＾ル,顔文字
ノ＾＿＾川,1873,1873,7429,特殊,記号,*,*,ノ＾＿＾川,ノ＾＿＾川,顔文字
ヘ（゜Д、゜）ノ,1873,1873,7429,特殊,記号,*,*,ヘ（゜Д、゜）ノ,ヘ（゜Д、゜）ノ,顔文字
ヘ（＾＾）ル（＾＾）ノ,1873,1873,7429,特殊,記号,*,*,ヘ（＾＾）ル（＾＾）ノ,ヘ（＾＾）ル（＾＾）ノ,顔文字
ヘ（＊＾０＾＊）ｖ,1873,1873,7429,特殊,記号,*,*,ヘ（＊＾０＾＊）ｖ,ヘ（＊＾０＾＊）ｖ,顔文字
ヘ（＊＾０＾＊）ノ,1873,1873,7429,特殊,記号,*,*,ヘ（＊＾０＾＊）ノ,ヘ（＊＾０＾＊）ノ,顔文字
ヘ（ё）ヘ,1873,1873,7429,特殊,記号,*,*,ヘ（ё）ヘ,ヘ（ё）ヘ,顔文字
ミ．．ミ,1873,1873,7429,特殊,記号,*,*,ミ．．ミ,ミ．．ミ,顔文字
ミ・・ミ,1873,1873,7429,特殊,記号,*,*,ミ・・ミ,ミ・・ミ,顔文字
ミ・＿・ミ,1873,1873,7429,特殊,記号,*,*,ミ・＿・ミ,ミ・＿・ミ,顔文字
ミ（・・）ミ,1873,1873,7429,特殊,記号,*,*,ミ（・・）ミ,ミ（・・）ミ,顔文字
ミ（°＿°）ミ,1873,1873,7429,特殊,記号,*,*,ミ（°＿°）ミ,ミ（°＿°）ミ,顔文字
ミ［　゜　゜］ミ,1873,1873,7429,特殊,記号,*,*,ミ［　゜　゜］ミ,ミ［　゜　゜］ミ,顔文字
ミ［°°］ミ,1873,1873,7429,特殊,記号,*,*,ミ［°°］ミ,ミ［°°］ミ,顔文字
ミ３：｜,1873,1873,7429,特殊,記号,*,*,ミ３：｜,ミ３：｜,顔文字
ン？　（‥　）,1873,1873,7429,特殊,記号,*,*,ン？　（‥　）,ン？　（‥　）,顔文字
Σ（Ｔ□Ｔ）,1873,1873,5016,特殊,記号,*,*,Σ（Ｔ□Ｔ）,Σ（Ｔ□Ｔ）,顔文字
Ω＼ζ゜）,1873,1873,5016,特殊,記号,*,*,Ω＼ζ゜）,Ω＼ζ゜）,顔文字
ε＝　（´∞｀　）,1873,1873,5016,特殊,記号,*,*,ε＝　（´∞｀　）,ε＝　（´∞｀　）,顔文字
ε＝　（−＿＾；）,1873,1873,5016,特殊,記号,*,*,ε＝　（−＿＾；）,ε＝　（−＿＾；）,顔文字
ε＝　（＊＾ｏ＾＊）,1873,1873,5016,特殊,記号,*,*,ε＝　（＊＾ｏ＾＊）,ε＝　（＊＾ｏ＾＊）,顔文字
ζ￣（∂＿∂）￣ζ,1873,1873,5016,特殊,記号,*,*,ζ￣（∂＿∂）￣ζ,ζ￣（∂＿∂）￣ζ,顔文字
θ＼（；¬＿¬）,1873,1873,5016,特殊,記号,*,*,θ＼（；¬＿¬）,θ＼（；¬＿¬）,顔文字
ρ（＾＾　）♭,1873,1873,5016,特殊,記号,*,*,ρ（＾＾　）♭,ρ（＾＾　）♭,顔文字
ρ（＾ｏ＾）♪,1873,1873,5016,特殊,記号,*,*,ρ（＾ｏ＾）♪,ρ（＾ｏ＾）♪,顔文字
ρ（ーｏー）♪,1873,1873,5016,特殊,記号,*,*,ρ（ーｏー）♪,ρ（ーｏー）♪,顔文字
σ（　＾ー゜）,1873,1873,5016,特殊,記号,*,*,σ（　＾ー゜）,σ（　＾ー゜）,顔文字
σ（・。・。）,1873,1873,5016,特殊,記号,*,*,σ（・。・。）,σ（・。・。）,顔文字
σ（・・？）,1873,1873,5016,特殊,記号,*,*,σ（・・？）,σ（・・？）,顔文字
σ（・・＊）,1873,1873,5016,特殊,記号,*,*,σ（・・＊）,σ（・・＊）,顔文字
σ（・＿・）,1873,1873,5016,特殊,記号,*,*,σ（・＿・）,σ（・＿・）,顔文字
σ（゜−＾＊）,1873,1873,5016,特殊,記号,*,*,σ（゜−＾＊）,σ（゜−＾＊）,顔文字
σ（゜◆゜；）,1873,1873,5016,特殊,記号,*,*,σ（゜◆゜；）,σ（゜◆゜；）,顔文字
σ（＾。＾）,1873,1873,5016,特殊,記号,*,*,σ（＾。＾）,σ（＾。＾）,顔文字
σ（＾＾；）,1873,1873,5016,特殊,記号,*,*,σ（＾＾；）,σ（＾＾；）,顔文字
σ（＾＾）,1873,1873,5016,特殊,記号,*,*,σ（＾＾）,σ（＾＾）,顔文字
σ（＾＿＾；,1873,1873,5016,特殊,記号,*,*,σ（＾＿＾；,σ（＾＿＾；,顔文字
σ（＾＿＾；）,1873,1873,5016,特殊,記号,*,*,σ（＾＿＾；）,σ（＾＿＾；）,顔文字
σ（＾＿＾）,1873,1873,5016,特殊,記号,*,*,σ（＾＿＾）,σ（＾＿＾）,顔文字
σ（＾ー゜）,1873,1873,5016,特殊,記号,*,*,σ（＾ー゜）,σ（＾ー゜）,顔文字
σ（＾◇＾；）,1873,1873,5016,特殊,記号,*,*,σ（＾◇＾；）,σ（＾◇＾；）,顔文字
σ（＾０＾）,1873,1873,5016,特殊,記号,*,*,σ（＾０＾）,σ（＾０＾）,顔文字
σ（￣。￣）,1873,1873,5016,特殊,記号,*,*,σ（￣。￣）,σ（￣。￣）,顔文字
σ（￣ー￣；；）,1873,1873,5016,特殊,記号,*,*,σ（￣ー￣；；）,σ（￣ー￣；；）,顔文字
σ（￣▽￣）,1873,1873,5016,特殊,記号,*,*,σ（￣▽￣）,σ（￣▽￣）,顔文字
σ（‐＿‐）,1873,1873,5016,特殊,記号,*,*,σ（‐＿‐）,σ（‐＿‐）,顔文字
σ（’（エ）’ｏ）,1873,1873,5016,特殊,記号,*,*,σ（’（エ）’ｏ）,σ（’（エ）’ｏ）,顔文字
σ（”ε”；）,1873,1873,5016,特殊,記号,*,*,σ（”ε”；）,σ（”ε”；）,顔文字
σ（−＿−；）,1873,1873,5016,特殊,記号,*,*,σ（−＿−；）,σ（−＿−；）,顔文字
σ（−＿−メ）,1873,1873,5016,特殊,記号,*,*,σ（−＿−メ）,σ（−＿−メ）,顔文字
σ（−−＃）,1873,1873,5016,特殊,記号,*,*,σ（−−＃）,σ（−−＃）,顔文字
σ（●＾ｏ＾●）,1873,1873,5016,特殊,記号,*,*,σ（●＾ｏ＾●）,σ（●＾ｏ＾●）,顔文字
σ（▼▼；）,1873,1873,5016,特殊,記号,*,*,σ（▼▼；）,σ（▼▼；）,顔文字
σ（⌒ー⌒）,1873,1873,5016,特殊,記号,*,*,σ（⌒ー⌒）,σ（⌒ー⌒）,顔文字
σ（⌒▽⌒；）,1873,1873,5016,特殊,記号,*,*,σ（⌒▽⌒；）,σ（⌒▽⌒；）,顔文字
σ（∂。∂）,1873,1873,5016,特殊,記号,*,*,σ（∂。∂）,σ（∂。∂）,顔文字
σ（ＴｏＴ）,1873,1873,5016,特殊,記号,*,*,σ（ＴｏＴ）,σ（ＴｏＴ）,顔文字
σ（ＴεＴ；）,1873,1873,5016,特殊,記号,*,*,σ（ＴεＴ；）,σ（ＴεＴ；）,顔文字
σ（ｏ＾＿＾ｏ）,1873,1873,5016,特殊,記号,*,*,σ（ｏ＾＿＾ｏ）,σ（ｏ＾＿＾ｏ）,顔文字
σ（ΘｏΘ）,1873,1873,5016,特殊,記号,*,*,σ（ΘｏΘ）,σ（ΘｏΘ）,顔文字
σ（δ。δ）,1873,1873,5016,特殊,記号,*,*,σ（δ。δ）,σ（δ。δ）,顔文字
σ（б。б）,1873,1873,5016,特殊,記号,*,*,σ（б。б）,σ（б。б）,顔文字
σξδ。δξ,1873,1873,5016,特殊,記号,*,*,σξδ。δξ,σξδ。δξ,顔文字
φ（．．　）,1873,1873,5016,特殊,記号,*,*,φ（．．　）,φ（．．　）,顔文字
φ（．．）,1873,1873,5016,特殊,記号,*,*,φ（．．）,φ（．．）,顔文字
φ（．＿．）,1873,1873,5016,特殊,記号,*,*,φ（．＿．）,φ（．＿．）,顔文字
φ（゜＿゜）,1873,1873,5016,特殊,記号,*,*,φ（゜＿゜）,φ（゜＿゜）,顔文字
┌｜∵｜┘,1873,1873,4694,特殊,記号,*,*,┌｜∵｜┘,┌｜∵｜┘,顔文字
┌┤´д｀├┘,1873,1873,4694,特殊,記号,*,*,┌┤´д｀├┘,┌┤´д｀├┘,顔文字
┐（・。・┐）　♪,1873,1873,4694,特殊,記号,*,*,┐（・。・┐）　♪,┐（・。・┐）　♪,顔文字
┐（´ー｀）┌,1873,1873,4694,特殊,記号,*,*,┐（´ー｀）┌,┐（´ー｀）┌,顔文字
┐（’〜｀；）┌,1873,1873,4694,特殊,記号,*,*,┐（’〜｀；）┌,┐（’〜｀；）┌,顔文字
└（Ｔ＿Ｔ；）┘,1873,1873,4694,特殊,記号,*,*,└（Ｔ＿Ｔ；）┘,└（Ｔ＿Ｔ；）┘,顔文字
└（ｏ｜ｏ）┘,1873,1873,4694,特殊,記号,*,*,└（ｏ｜ｏ）┘,└（ｏ｜ｏ）┘,顔文字
┗（＝＾＾＝）┛,1873,1873,4694,特殊,記号,*,*,┗（＝＾＾＝）┛,┗（＝＾＾＝）┛,顔文字
川゜＿゜儿,1873,1873,4472,特殊,記号,*,*,川゜＿゜儿,川゜＿゜儿,顔文字
川｀⊆　´川,1873,1873,4472,特殊,記号,*,*,川｀⊆　´川,川｀⊆　´川,顔文字
凸（●―●Ｘ）,1873,1873,4472,特殊,記号,*,*,凸（●―●Ｘ）,凸（●―●Ｘ）,顔文字
凸（▼▼Ｘ,1873,1873,4472,特殊,記号,*,*,凸（▼▼Ｘ,凸（▼▼Ｘ,顔文字
彡　＾＾）,1873,1873,4472,特殊,記号,*,*,彡　＾＾）,彡　＾＾）,顔文字
彡・・）,1873,1873,4472,特殊,記号,*,*,彡・・）,彡・・）,顔文字
彡＾＿＾レ,1873,1873,4472,特殊,記号,*,*,彡＾＿＾レ,彡＾＿＾レ,顔文字
彡＾＿＾彡,1873,1873,4472,特殊,記号,*,*,彡＾＿＾彡,彡＾＿＾彡,顔文字
彡（。：）,1873,1873,4472,特殊,記号,*,*,彡（。：）,彡（。：）,顔文字
