一生けん命,1314,1314,3989,名詞,副詞可能,*,*,*,*,一生けん命,イッショウケンメイ,イッショーケンメイ
真昼,1314,1314,5221,名詞,副詞可能,*,*,*,*,真昼,マヒル,マヒル
位,1314,1314,5941,名詞,副詞可能,*,*,*,*,位,クライ,クライ
今日日,1314,1314,5221,名詞,副詞可能,*,*,*,*,今日日,キョウビ,キョービ
いつか,1314,1314,5896,名詞,副詞可能,*,*,*,*,いつか,イツカ,イツカ
近頃,1314,1314,5337,名詞,副詞可能,*,*,*,*,近頃,チカゴロ,チカゴロ
行く先,1314,1314,5561,名詞,副詞可能,*,*,*,*,行く先,ユクサキ,ユクサキ
３月,1314,1314,2728,名詞,副詞可能,*,*,*,*,３月,サンガツ,サンガツ
再来年,1314,1314,5101,名詞,副詞可能,*,*,*,*,再来年,サライネン,サライネン
すべて,1314,1314,4851,名詞,副詞可能,*,*,*,*,すべて,スベテ,スベテ
等々,1314,1314,5125,名詞,副詞可能,*,*,*,*,等々,トウトウ,トートー
前回,1314,1314,6647,名詞,副詞可能,*,*,*,*,前回,ゼンカイ,ゼンカイ
全部,1314,1314,5173,名詞,副詞可能,*,*,*,*,全部,ゼンブ,ゼンブ
此の内,1314,1314,5222,名詞,副詞可能,*,*,*,*,此の内,コノウチ,コノウチ
平日,1314,1314,3420,名詞,副詞可能,*,*,*,*,平日,ヘイジツ,ヘイジツ
現代,1314,1314,7964,名詞,副詞可能,*,*,*,*,現代,ゲンダイ,ゲンダイ
深夜,1314,1314,4246,名詞,副詞可能,*,*,*,*,深夜,シンヤ,シンヤ
おとつい,1314,1314,6348,名詞,副詞可能,*,*,*,*,おとつい,オトツイ,オトツイ
じき,1314,1314,5569,名詞,副詞可能,*,*,*,*,じき,ジキ,ジキ
砌,1314,1314,5221,名詞,副詞可能,*,*,*,*,砌,ミギリ,ミギリ
時間,1314,1314,1342,名詞,副詞可能,*,*,*,*,時間,ジカン,ジカン
限り,1314,1314,6391,名詞,副詞可能,*,*,*,*,限り,カギリ,カギリ
家中,1314,1314,4907,名詞,副詞可能,*,*,*,*,家中,イエジュウ,イエジュー
このごろ,1314,1314,3320,名詞,副詞可能,*,*,*,*,このごろ,コノゴロ,コノゴロ
道中,1314,1314,5212,名詞,副詞可能,*,*,*,*,道中,ドウチュウ,ドーチュー
上,1314,1314,8877,名詞,副詞可能,*,*,*,*,上,ウエ,ウエ
所所,1314,1314,5373,名詞,副詞可能,*,*,*,*,所所,トコロドコロ,トコロドコロ
没後,1314,1314,5527,名詞,副詞可能,*,*,*,*,没後,ボツゴ,ボツゴ
全員,1314,1314,6982,名詞,副詞可能,*,*,*,*,全員,ゼンイン,ゼンイン
ひとつ,1314,1314,4501,名詞,副詞可能,*,*,*,*,ひとつ,ヒトツ,ヒトツ
以来,1314,1314,771,名詞,副詞可能,*,*,*,*,以来,イライ,イライ
毎秋,1314,1314,5204,名詞,副詞可能,*,*,*,*,毎秋,マイシュウ,マイシュー
終夜,1314,1314,5221,名詞,副詞可能,*,*,*,*,終夜,シュウヤ,シューヤ
８月,1314,1314,2807,名詞,副詞可能,*,*,*,*,８月,ハチガツ,ハチガツ
いっぺん,1314,1314,6672,名詞,副詞可能,*,*,*,*,いっぺん,イッペン,イッペン
神無月,1314,1314,5221,名詞,副詞可能,*,*,*,*,神無月,カミナヅキ,カミナズキ
たくさん,1314,1314,1756,名詞,副詞可能,*,*,*,*,たくさん,タクサン,タクサン
死後,1314,1314,5886,名詞,副詞可能,*,*,*,*,死後,シゴ,シゴ
以降,1314,1314,4320,名詞,副詞可能,*,*,*,*,以降,イコウ,イコー
来春,1314,1314,2457,名詞,副詞可能,*,*,*,*,来春,ライシュン,ライシュン
来春,1314,1314,7376,名詞,副詞可能,*,*,*,*,来春,ライハル,ライハル
真夜中,1314,1314,5202,名詞,副詞可能,*,*,*,*,真夜中,マヨナカ,マヨナカ
晩秋,1314,1314,5636,名詞,副詞可能,*,*,*,*,晩秋,バンシュウ,バンシュー
明け方,1314,1314,5122,名詞,副詞可能,*,*,*,*,明け方,アケガタ,アケガタ
じっちゅうはっく,1314,1314,6348,名詞,副詞可能,*,*,*,*,じっちゅうはっく,ジッチュウハック,ジッチュウハック
あまり,1314,1314,6945,名詞,副詞可能,*,*,*,*,あまり,アマリ,アマリ
暮方,1314,1314,5221,名詞,副詞可能,*,*,*,*,暮方,クレガタ,クレガタ
毎朝,1314,1314,5065,名詞,副詞可能,*,*,*,*,毎朝,マイアサ,マイアサ
昔時,1314,1314,5221,名詞,副詞可能,*,*,*,*,昔時,セキジ,セキジ
明日,1314,1314,3114,名詞,副詞可能,*,*,*,*,明日,アシタ,アシタ
明日,1314,1314,6891,名詞,副詞可能,*,*,*,*,明日,アス,アス
この頃,1314,1314,5916,名詞,副詞可能,*,*,*,*,この頃,コノゴロ,コノゴロ
従来,1314,1314,5221,名詞,副詞可能,*,*,*,*,従来,ジュウライ,ジューライ
明方,1314,1314,5207,名詞,副詞可能,*,*,*,*,明方,アケガタ,アケガタ
時折,1314,1314,3199,名詞,副詞可能,*,*,*,*,時折,トキオリ,トキオリ
挙句,1314,1314,5221,名詞,副詞可能,*,*,*,*,挙句,アゲク,アゲク
一昨年,1314,1314,1375,名詞,副詞可能,*,*,*,*,一昨年,イッサクネン,イッサクネン
一昨年,1314,1314,6541,名詞,副詞可能,*,*,*,*,一昨年,オトトシ,オトトシ
明けがた,1314,1314,5207,名詞,副詞可能,*,*,*,*,明けがた,アケガタ,アケガタ
その間,1314,1314,6589,名詞,副詞可能,*,*,*,*,その間,ソノカン,ソノカン
来月,1314,1314,5123,名詞,副詞可能,*,*,*,*,来月,ライゲツ,ライゲツ
近く,1314,1314,2940,名詞,副詞可能,*,*,*,*,近く,チカク,チカク
過日,1314,1314,5221,名詞,副詞可能,*,*,*,*,過日,カジツ,カジツ
明明後日,1314,1314,5221,名詞,副詞可能,*,*,*,*,明明後日,シアサッテ,シアサッテ
半分,1314,1314,3314,名詞,副詞可能,*,*,*,*,半分,ハンブン,ハンブン
今春,1314,1314,5042,名詞,副詞可能,*,*,*,*,今春,コンシュン,コンシュン
今どき,1314,1314,5213,名詞,副詞可能,*,*,*,*,今どき,イマドキ,イマドキ
夜さり,1314,1314,5221,名詞,副詞可能,*,*,*,*,夜さり,ヨサリ,ヨサリ
土曜,1314,1314,3988,名詞,副詞可能,*,*,*,*,土曜,ドヨウ,ドヨー
春先,1314,1314,5091,名詞,副詞可能,*,*,*,*,春先,ハルサキ,ハルサキ
払暁,1314,1314,5221,名詞,副詞可能,*,*,*,*,払暁,フツギョウ,フツギョー
別れぎわ,1314,1314,5212,名詞,副詞可能,*,*,*,*,別れぎわ,ワカレギワ,ワカレギワ
旧臘,1314,1314,5221,名詞,副詞可能,*,*,*,*,旧臘,キュウロウ,キューロー
目今,1314,1314,5221,名詞,副詞可能,*,*,*,*,目今,モッコン,モッコン
場合,1314,1314,5150,名詞,副詞可能,*,*,*,*,場合,バアイ,バアイ
昔,1314,1314,4037,名詞,副詞可能,*,*,*,*,昔,ムカシ,ムカシ
生来,1314,1314,5332,名詞,副詞可能,*,*,*,*,生来,セイライ,セイライ
朝暮,1314,1314,5198,名詞,副詞可能,*,*,*,*,朝暮,チョウボ,チョーボ
本日,1314,1314,4786,名詞,副詞可能,*,*,*,*,本日,ホンジツ,ホンジツ
夜前,1314,1314,5221,名詞,副詞可能,*,*,*,*,夜前,ヤゼン,ヤゼン
一生,1314,1314,3611,名詞,副詞可能,*,*,*,*,一生,イッショウ,イッショー
みずから,1314,1314,6348,名詞,副詞可能,*,*,*,*,みずから,ミズカラ,ミズカラ
元朝,1314,1314,5221,名詞,副詞可能,*,*,*,*,元朝,ガンチョウ,ガンチョー
以後,1314,1314,5932,名詞,副詞可能,*,*,*,*,以後,イゴ,イゴ
昨晩,1314,1314,5316,名詞,副詞可能,*,*,*,*,昨晩,サクバン,サクバン
小半時,1314,1314,5221,名詞,副詞可能,*,*,*,*,小半時,コハントキ,コハントキ
先だって,1314,1314,4141,名詞,副詞可能,*,*,*,*,先だって,センダッテ,センダッテ
両度,1314,1314,5355,名詞,副詞可能,*,*,*,*,両度,リョウド,リョード
産後,1314,1314,5457,名詞,副詞可能,*,*,*,*,産後,サンゴ,サンゴ
今回,1314,1314,2815,名詞,副詞可能,*,*,*,*,今回,コンカイ,コンカイ
時下,1314,1314,5524,名詞,副詞可能,*,*,*,*,時下,ジカ,ジカ
せい,1314,1314,7789,名詞,副詞可能,*,*,*,*,せい,セイ,セイ
昨秋,1314,1314,5345,名詞,副詞可能,*,*,*,*,昨秋,サクシュウ,サクシュー
開口一番,1314,1314,6339,名詞,副詞可能,*,*,*,*,開口一番,カイコウイチバン,カイコーイチバン
この節,1314,1314,6348,名詞,副詞可能,*,*,*,*,この節,コノセツ,コノセツ
大方,1314,1314,5432,名詞,副詞可能,*,*,*,*,大方,オオカタ,オーカタ
来週,1314,1314,5066,名詞,副詞可能,*,*,*,*,来週,ライシュウ,ライシュー
早朝,1314,1314,4683,名詞,副詞可能,*,*,*,*,早朝,ソウチョウ,ソーチョー
一目,1314,1314,5189,名詞,副詞可能,*,*,*,*,一目,ヒトメ,ヒトメ
此の度,1314,1314,5257,名詞,副詞可能,*,*,*,*,此の度,コノタビ,コノタビ
うち,1314,1314,8571,名詞,副詞可能,*,*,*,*,うち,ウチ,ウチ
一丁,1314,1314,4921,名詞,副詞可能,*,*,*,*,一丁,イッチョウ,イッチョー
満目,1314,1314,5221,名詞,副詞可能,*,*,*,*,満目,マンモク,マンモク
平生,1314,1314,5221,名詞,副詞可能,*,*,*,*,平生,ヘイゼイ,ヘイゼイ
そもそも,1314,1314,6095,名詞,副詞可能,*,*,*,*,そもそも,ソモソモ,ソモソモ
単身,1314,1314,6456,名詞,副詞可能,*,*,*,*,単身,タンシン,タンシン
先頃,1314,1314,5103,名詞,副詞可能,*,*,*,*,先頃,サキゴロ,サキゴロ
午後,1314,1314,3533,名詞,副詞可能,*,*,*,*,午後,ゴゴ,ゴゴ
夜半,1314,1314,5209,名詞,副詞可能,*,*,*,*,夜半,ヤハン,ヤハン
堅ろう,1314,1314,5221,名詞,副詞可能,*,*,*,*,堅ろう,ケンロウ,ケンロー
今季,1314,1314,5085,名詞,副詞可能,*,*,*,*,今季,コンキ,コンキ
昨夏,1314,1314,3497,名詞,副詞可能,*,*,*,*,昨夏,サクナツ,サクナツ
昨夏,1314,1314,6499,名詞,副詞可能,*,*,*,*,昨夏,サッカ,サッカ
土曜日,1314,1314,6504,名詞,副詞可能,*,*,*,*,土曜日,ドヨウビ,ドヨービ
一躍,1314,1314,4809,名詞,副詞可能,*,*,*,*,一躍,イチヤク,イチヤク
来年,1314,1314,2483,名詞,副詞可能,*,*,*,*,来年,ライネン,ライネン
当分,1314,1314,3280,名詞,副詞可能,*,*,*,*,当分,トウブン,トーブン
九月,1314,1314,2699,名詞,副詞可能,*,*,*,*,九月,クガツ,クガツ
満面,1314,1314,5483,名詞,副詞可能,*,*,*,*,満面,マンメン,マンメン
一昨々日,1314,1314,4046,名詞,副詞可能,*,*,*,*,一昨々日,サキオトトイ,サキオトトイ
屡次,1314,1314,5221,名詞,副詞可能,*,*,*,*,屡次,ルジ,ルジ
全体,1314,1314,4060,名詞,副詞可能,*,*,*,*,全体,ゼンタイ,ゼンタイ
むかし,1314,1314,6011,名詞,副詞可能,*,*,*,*,むかし,ムカシ,ムカシ
晩冬,1314,1314,5221,名詞,副詞可能,*,*,*,*,晩冬,バントウ,バントー
暮れ,1314,1314,2580,名詞,副詞可能,*,*,*,*,暮れ,クレ,クレ
一律,1314,1314,3005,名詞,副詞可能,*,*,*,*,一律,イチリツ,イチリツ
所々,1314,1314,5058,名詞,副詞可能,*,*,*,*,所々,トコロドコロ,トコロドコロ
月,1314,1314,11949,名詞,副詞可能,*,*,*,*,月,ガツ,ガツ
一方,1314,1314,2306,名詞,副詞可能,*,*,*,*,一方,イッポウ,イッポー
真っ盛り,1314,1314,4530,名詞,副詞可能,*,*,*,*,真っ盛り,マッサカリ,マッサカリ
向後,1314,1314,5229,名詞,副詞可能,*,*,*,*,向後,コウゴ,コーゴ
４月,1314,1314,2973,名詞,副詞可能,*,*,*,*,４月,シガツ,シガツ
くせ,1314,1314,7198,名詞,副詞可能,*,*,*,*,くせ,クセ,クセ
去歳,1314,1314,5221,名詞,副詞可能,*,*,*,*,去歳,キョサイ,キョサイ
時期,1314,1314,2405,名詞,副詞可能,*,*,*,*,時期,ジキ,ジキ
きょう,1314,1314,4354,名詞,副詞可能,*,*,*,*,きょう,キョウ,キョー
のちのち,1314,1314,6348,名詞,副詞可能,*,*,*,*,のちのち,ノチノチ,ノチノチ
結果,1314,1314,644,名詞,副詞可能,*,*,*,*,結果,ケッカ,ケッカ
大数,1314,1314,5242,名詞,副詞可能,*,*,*,*,大数,タイスウ,タイスー
行先,1314,1314,5282,名詞,副詞可能,*,*,*,*,行先,ユクサキ,ユクサキ
夜,1314,1314,5244,名詞,副詞可能,*,*,*,*,夜,ヨル,ヨル
夜,1314,1314,9463,名詞,副詞可能,*,*,*,*,夜,ヨ,ヨ
短時間,1314,1314,4949,名詞,副詞可能,*,*,*,*,短時間,タンジカン,タンジカン
中頃,1314,1314,5259,名詞,副詞可能,*,*,*,*,中頃,ナカゴロ,ナカゴロ
末葉,1314,1314,5221,名詞,副詞可能,*,*,*,*,末葉,マツヨウ,マツヨー
当世,1314,1314,5222,名詞,副詞可能,*,*,*,*,当世,トウセイ,トーセイ
もと,1314,1314,9179,名詞,副詞可能,*,*,*,*,もと,モト,モト
暇暇,1314,1314,5221,名詞,副詞可能,*,*,*,*,暇暇,ヒマヒマ,ヒマヒマ
明六つ,1314,1314,5221,名詞,副詞可能,*,*,*,*,明六つ,アケムツ,アケムツ
直後,1314,1314,3674,名詞,副詞可能,*,*,*,*,直後,チョクゴ,チョクゴ
再来月,1314,1314,5221,名詞,副詞可能,*,*,*,*,再来月,サライゲツ,サライゲツ
晩春,1314,1314,5221,名詞,副詞可能,*,*,*,*,晩春,バンシュン,バンシュン
中盤,1314,1314,4905,名詞,副詞可能,*,*,*,*,中盤,チュウバン,チューバン
各々,1314,1314,5374,名詞,副詞可能,*,*,*,*,各々,オノオノ,オノオノ
なかば,1314,1314,6626,名詞,副詞可能,*,*,*,*,なかば,ナカバ,ナカバ
翌年,1314,1314,2957,名詞,副詞可能,*,*,*,*,翌年,ヨクネン,ヨクネン
翌年,1314,1314,7326,名詞,副詞可能,*,*,*,*,翌年,ヨクトシ,ヨクトシ
時,1314,1314,9674,名詞,副詞可能,*,*,*,*,時,トキ,トキ
朝まだき,1314,1314,5221,名詞,副詞可能,*,*,*,*,朝まだき,アサマダキ,アサマダキ
少々,1314,1314,8304,名詞,副詞可能,*,*,*,*,少々,ショウショウ,ショーショー
長期,1314,1314,6914,名詞,副詞可能,*,*,*,*,長期,チョウキ,チョーキ
九分九厘,1314,1314,4046,名詞,副詞可能,*,*,*,*,九分九厘,クブクリン,クブクリン
他,1314,1314,8014,名詞,副詞可能,*,*,*,*,他,ホカ,ホカ
ぜんぶ,1314,1314,6371,名詞,副詞可能,*,*,*,*,ぜんぶ,ゼンブ,ゼンブ
足早,1314,1314,5221,名詞,副詞可能,*,*,*,*,足早,アシバヤ,アシバヤ
一回り,1314,1314,5117,名詞,副詞可能,*,*,*,*,一回り,ヒトマワリ,ヒトマワリ
客月,1314,1314,5221,名詞,副詞可能,*,*,*,*,客月,カクゲツ,カクゲツ
津々浦々,1314,1314,5221,名詞,副詞可能,*,*,*,*,津々浦々,ツツウラウラ,ツツウラウラ
一刻,1314,1314,4435,名詞,副詞可能,*,*,*,*,一刻,イッコク,イッコク
いっさい,1314,1314,6251,名詞,副詞可能,*,*,*,*,いっさい,イッサイ,イッサイ
元来,1314,1314,4752,名詞,副詞可能,*,*,*,*,元来,ガンライ,ガンライ
昨春,1314,1314,5212,名詞,副詞可能,*,*,*,*,昨春,サクシュン,サクシュン
１２月,1314,1314,899,名詞,副詞可能,*,*,*,*,１２月,ジュウニガツ,ジューニガツ
中期,1314,1314,6246,名詞,副詞可能,*,*,*,*,中期,チュウキ,チューキ
急ぎ,1314,1314,4087,名詞,副詞可能,*,*,*,*,急ぎ,イソギ,イソギ
水曜,1314,1314,5306,名詞,副詞可能,*,*,*,*,水曜,スイヨウ,スイヨー
若干,1314,1314,5216,名詞,副詞可能,*,*,*,*,若干,ジャッカン,ジャッカン
来夏,1314,1314,4561,名詞,副詞可能,*,*,*,*,来夏,ライカ,ライカ
小半日,1314,1314,5221,名詞,副詞可能,*,*,*,*,小半日,コハンニチ,コハンニチ
木曜日,1314,1314,5149,名詞,副詞可能,*,*,*,*,木曜日,モクヨウビ,モクヨービ
木曜,1314,1314,5288,名詞,副詞可能,*,*,*,*,木曜,モクヨウ,モクヨー
下,1314,1314,8067,名詞,副詞可能,*,*,*,*,下,モト,モト
内実,1314,1314,5390,名詞,副詞可能,*,*,*,*,内実,ナイジツ,ナイジツ
一昨昨年,1314,1314,4046,名詞,副詞可能,*,*,*,*,一昨昨年,サキオトトシ,サキオトトシ
席上,1314,1314,5336,名詞,副詞可能,*,*,*,*,席上,セキジョウ,セキジョー
近年,1314,1314,5196,名詞,副詞可能,*,*,*,*,近年,キンネン,キンネン
今次,1314,1314,5220,名詞,副詞可能,*,*,*,*,今次,コンジ,コンジ
傍ら,1314,1314,5497,名詞,副詞可能,*,*,*,*,傍ら,カタワラ,カタワラ
反面,1314,1314,5178,名詞,副詞可能,*,*,*,*,反面,ハンメン,ハンメン
一章,1314,1314,4397,名詞,副詞可能,*,*,*,*,一章,イッショウ,イッショー
さっき,1314,1314,6575,名詞,副詞可能,*,*,*,*,さっき,サッキ,サッキ
あいだ,1314,1314,6701,名詞,副詞可能,*,*,*,*,あいだ,アイダ,アイダ
隔年,1314,1314,5478,名詞,副詞可能,*,*,*,*,隔年,カクネン,カクネン
後半,1314,1314,4009,名詞,副詞可能,*,*,*,*,後半,コウハン,コーハン
案外,1314,1314,5576,名詞,副詞可能,*,*,*,*,案外,アンガイ,アンガイ
先般,1314,1314,5219,名詞,副詞可能,*,*,*,*,先般,センパン,センパン
本年,1314,1314,5229,名詞,副詞可能,*,*,*,*,本年,ホンネン,ホンネン
初年,1314,1314,5235,名詞,副詞可能,*,*,*,*,初年,ショネン,ショネン
真夏,1314,1314,5760,名詞,副詞可能,*,*,*,*,真夏,マナツ,マナツ
昨冬,1314,1314,5216,名詞,副詞可能,*,*,*,*,昨冬,サクトウ,サクトー
平常,1314,1314,5581,名詞,副詞可能,*,*,*,*,平常,ヘイジョウ,ヘイジョー
次第,1314,1314,5711,名詞,副詞可能,*,*,*,*,次第,シダイ,シダイ
中葉,1314,1314,5431,名詞,副詞可能,*,*,*,*,中葉,チュウヨウ,チューヨー
元年,1314,1314,5140,名詞,副詞可能,*,*,*,*,元年,ガンネン,ガンネン
前週,1314,1314,6034,名詞,副詞可能,*,*,*,*,前週,ゼンシュウ,ゼンシュー
一矢,1314,1314,3882,名詞,副詞可能,*,*,*,*,一矢,イッシ,イッシ
太古,1314,1314,4968,名詞,副詞可能,*,*,*,*,太古,タイコ,タイコ
万世,1314,1314,4173,名詞,副詞可能,*,*,*,*,万世,バンセイ,バンセイ
一昼夜,1314,1314,4046,名詞,副詞可能,*,*,*,*,一昼夜,イッチュウヤ,イッチューヤ
その時,1314,1314,9776,名詞,副詞可能,*,*,*,*,その時,ソノトキ,ソノトキ
半日,1314,1314,4505,名詞,副詞可能,*,*,*,*,半日,ハンニチ,ハンニチ
かわり,1314,1314,6271,名詞,副詞可能,*,*,*,*,かわり,カワリ,カワリ
毎次,1314,1314,5221,名詞,副詞可能,*,*,*,*,毎次,マイジ,マイジ
事実,1314,1314,5071,名詞,副詞可能,*,*,*,*,事実,ジジツ,ジジツ
総て,1314,1314,5007,名詞,副詞可能,*,*,*,*,総て,スベテ,スベテ
生々世々,1314,1314,5221,名詞,副詞可能,*,*,*,*,生々世々,ショウジョウセゼ,ショージョーセゼ
とおり,1314,1314,6738,名詞,副詞可能,*,*,*,*,とおり,トオリ,トーリ
将来,1314,1314,4806,名詞,副詞可能,*,*,*,*,将来,ショウライ,ショーライ
真際,1314,1314,5189,名詞,副詞可能,*,*,*,*,真際,マギワ,マギワ
まっ最中,1314,1314,6276,名詞,副詞可能,*,*,*,*,まっ最中,マッサイチュウ,マッサイチュー
月曜日,1314,1314,5072,名詞,副詞可能,*,*,*,*,月曜日,ゲツヨウビ,ゲツヨービ
瞬間,1314,1314,5218,名詞,副詞可能,*,*,*,*,瞬間,シュンカン,シュンカン
処処,1314,1314,5152,名詞,副詞可能,*,*,*,*,処処,トコロドコロ,トコロドコロ
冬季,1314,1314,5679,名詞,副詞可能,*,*,*,*,冬季,トウキ,トーキ
宵,1314,1314,4448,名詞,副詞可能,*,*,*,*,宵,ヨイ,ヨイ
いちばん,1314,1314,5348,名詞,副詞可能,*,*,*,*,いちばん,イチバン,イチバン
一年中,1314,1314,5203,名詞,副詞可能,*,*,*,*,一年中,イチネンジュウ,イチネンジュー
年末,1314,1314,4138,名詞,副詞可能,*,*,*,*,年末,ネンマツ,ネンマツ
いま,1314,1314,4370,名詞,副詞可能,*,*,*,*,いま,イマ,イマ
早暁,1314,1314,5216,名詞,副詞可能,*,*,*,*,早暁,ソウギョウ,ソーギョー
半ば,1314,1314,5382,名詞,副詞可能,*,*,*,*,半ば,ナカバ,ナカバ
双方,1314,1314,6922,名詞,副詞可能,*,*,*,*,双方,ソウホウ,ソーホー
明年,1314,1314,5221,名詞,副詞可能,*,*,*,*,明年,ミョウネン,ミョーネン
精いっぱい,1314,1314,6601,名詞,副詞可能,*,*,*,*,精いっぱい,セイイッパイ,セイイッパイ
ふだん,1314,1314,6108,名詞,副詞可能,*,*,*,*,ふだん,フダン,フダン
戦後,1314,1314,4200,名詞,副詞可能,*,*,*,*,戦後,センゴ,センゴ
時分,1314,1314,5409,名詞,副詞可能,*,*,*,*,時分,ジブン,ジブン
一夜,1314,1314,3383,名詞,副詞可能,*,*,*,*,一夜,イチヤ,イチヤ
一夜,1314,1314,5022,名詞,副詞可能,*,*,*,*,一夜,ヒトヨ,ヒトヨ
夕暮れ,1314,1314,4904,名詞,副詞可能,*,*,*,*,夕暮れ,ユウグレ,ユーグレ
再来週,1314,1314,5092,名詞,副詞可能,*,*,*,*,再来週,サライシュウ,サライシュー
ひとり,1314,1314,7657,名詞,副詞可能,*,*,*,*,ひとり,ヒトリ,ヒトリ
何かしら,1314,1314,6501,名詞,副詞可能,*,*,*,*,何かしら,ナニカシラ,ナニカシラ
晩節,1314,1314,5221,名詞,副詞可能,*,*,*,*,晩節,バンセツ,バンセツ
隙隙,1314,1314,5221,名詞,副詞可能,*,*,*,*,隙隙,ヒマヒマ,ヒマヒマ
客年,1314,1314,5478,名詞,副詞可能,*,*,*,*,客年,カクネン,カクネン
一週,1314,1314,4022,名詞,副詞可能,*,*,*,*,一週,イッシュウ,イッシュー
長時間,1314,1314,5192,名詞,副詞可能,*,*,*,*,長時間,チョウジカン,チョージカン
此の節,1314,1314,5221,名詞,副詞可能,*,*,*,*,此の節,コノセツ,コノセツ
行末,1314,1314,5091,名詞,副詞可能,*,*,*,*,行末,ユクスエ,ユクスエ
安息,1314,1314,5322,名詞,副詞可能,*,*,*,*,安息,アンソク,アンソク
大挙,1314,1314,5221,名詞,副詞可能,*,*,*,*,大挙,タイキョ,タイキョ
早晩,1314,1314,4267,名詞,副詞可能,*,*,*,*,早晩,ソウバン,ソーバン
前後,1314,1314,-990,名詞,副詞可能,*,*,*,*,前後,ゼンゴ,ゼンゴ
中ごろ,1314,1314,5485,名詞,副詞可能,*,*,*,*,中ごろ,ナカゴロ,ナカゴロ
ひところ,1314,1314,6348,名詞,副詞可能,*,*,*,*,ひところ,ヒトコロ,ヒトコロ
中世,1314,1314,5903,名詞,副詞可能,*,*,*,*,中世,チュウセイ,チューセイ
去春,1314,1314,5221,名詞,副詞可能,*,*,*,*,去春,キョシュン,キョシュン
この内,1314,1314,6353,名詞,副詞可能,*,*,*,*,この内,コノウチ,コノウチ
半季,1314,1314,5410,名詞,副詞可能,*,*,*,*,半季,ハンキ,ハンキ
１番,1314,1314,6294,名詞,副詞可能,*,*,*,*,１番,イチバン,イチバン
今後,1314,1314,166,名詞,副詞可能,*,*,*,*,今後,コンゴ,コンゴ
そのうち,1314,1314,6655,名詞,副詞可能,*,*,*,*,そのうち,ソノウチ,ソノウチ
５月,1314,1314,2591,名詞,副詞可能,*,*,*,*,５月,ゴガツ,ゴガツ
次回,1314,1314,3503,名詞,副詞可能,*,*,*,*,次回,ジカイ,ジカイ
尽日,1314,1314,5221,名詞,副詞可能,*,*,*,*,尽日,ジンジツ,ジンジツ
翌日,1314,1314,4377,名詞,副詞可能,*,*,*,*,翌日,ヨクジツ,ヨクジツ
門並,1314,1314,5221,名詞,副詞可能,*,*,*,*,門並,カドナミ,カドナミ
累次,1314,1314,5221,名詞,副詞可能,*,*,*,*,累次,ルイジ,ルイジ
６月,1314,1314,2658,名詞,副詞可能,*,*,*,*,６月,ロクガツ,ロクガツ
近ごろ,1314,1314,5086,名詞,副詞可能,*,*,*,*,近ごろ,チカゴロ,チカゴロ
この程,1314,1314,6201,名詞,副詞可能,*,*,*,*,この程,コノホド,コノホド
前日,1314,1314,1436,名詞,副詞可能,*,*,*,*,前日,ゼンジツ,ゼンジツ
晩年,1314,1314,5089,名詞,副詞可能,*,*,*,*,晩年,バンネン,バンネン
この間,1314,1314,5946,名詞,副詞可能,*,*,*,*,この間,コノカン,コノカン
この間,1314,1314,6767,名詞,副詞可能,*,*,*,*,この間,コノアイダ,コノアイダ
戦前,1314,1314,7199,名詞,副詞可能,*,*,*,*,戦前,センゼン,センゼン
一切合切,1314,1314,4046,名詞,副詞可能,*,*,*,*,一切合切,イッサイガッサイ,イッサイガッサイ
下期,1314,1314,4063,名詞,副詞可能,*,*,*,*,下期,シモキ,シモキ
火曜日,1314,1314,4937,名詞,副詞可能,*,*,*,*,火曜日,カヨウビ,カヨービ
今,1314,1314,5232,名詞,副詞可能,*,*,*,*,今,イマ,イマ
一生懸命,1314,1314,3645,名詞,副詞可能,*,*,*,*,一生懸命,イッショウケンメイ,イッショーケンメイ
ひと晩,1314,1314,7619,名詞,副詞可能,*,*,*,*,ひと晩,ヒトバン,ヒトバン
近来,1314,1314,5221,名詞,副詞可能,*,*,*,*,近来,キンライ,キンライ
去年,1314,1314,5220,名詞,副詞可能,*,*,*,*,去年,キョネン,キョネン
早春,1314,1314,5395,名詞,副詞可能,*,*,*,*,早春,ソウシュン,ソーシュン
晩,1314,1314,4643,名詞,副詞可能,*,*,*,*,晩,バン,バン
一時期,1314,1314,2966,名詞,副詞可能,*,*,*,*,一時期,イチジキ,イチジキ
長年,1314,1314,4937,名詞,副詞可能,*,*,*,*,長年,ナガネン,ナガネン
おり,1314,1314,8265,名詞,副詞可能,*,*,*,*,おり,オリ,オリ
此の方,1314,1314,5319,名詞,副詞可能,*,*,*,*,此の方,コノカタ,コノカタ
後月,1314,1314,5221,名詞,副詞可能,*,*,*,*,後月,アトゲツ,アトゲツ
今夏,1314,1314,5034,名詞,副詞可能,*,*,*,*,今夏,コンカ,コンカ
朝,1314,1314,4227,名詞,副詞可能,*,*,*,*,朝,アサ,アサ
朝,1314,1314,8416,名詞,副詞可能,*,*,*,*,朝,チョウ,チョー
多く,1314,1314,1069,名詞,副詞可能,*,*,*,*,多く,オオク,オーク
後後,1314,1314,5220,名詞,副詞可能,*,*,*,*,後後,アトアト,アトアト
根こそぎ,1314,1314,4884,名詞,副詞可能,*,*,*,*,根こそぎ,ネコソギ,ネコソギ
年,1314,1314,10401,名詞,副詞可能,*,*,*,*,年,トシ,トシ
初旬,1314,1314,4953,名詞,副詞可能,*,*,*,*,初旬,ショジュン,ショジュン
つかの間,1314,1314,5811,名詞,副詞可能,*,*,*,*,つかの間,ツカノマ,ツカノマ
他日,1314,1314,5221,名詞,副詞可能,*,*,*,*,他日,タジツ,タジツ
当代,1314,1314,5054,名詞,副詞可能,*,*,*,*,当代,トウダイ,トーダイ
一廉,1314,1314,4237,名詞,副詞可能,*,*,*,*,一廉,ヒトカド,ヒトカド
他年,1314,1314,5222,名詞,副詞可能,*,*,*,*,他年,タネン,タネン
他面,1314,1314,5220,名詞,副詞可能,*,*,*,*,他面,タメン,タメン
ひと通り,1314,1314,6375,名詞,副詞可能,*,*,*,*,ひと通り,ヒトトオリ,ヒトトーリ
時節柄,1314,1314,5209,名詞,副詞可能,*,*,*,*,時節柄,ジセツガラ,ジセツガラ
ひと目,1314,1314,6776,名詞,副詞可能,*,*,*,*,ひと目,ヒトメ,ヒトメ
先夜,1314,1314,5181,名詞,副詞可能,*,*,*,*,先夜,センヤ,センヤ
今年,1314,1314,2848,名詞,副詞可能,*,*,*,*,今年,コトシ,コトシ
はじめ,1314,1314,4140,名詞,副詞可能,*,*,*,*,はじめ,ハジメ,ハジメ
此の際,1314,1314,5331,名詞,副詞可能,*,*,*,*,此の際,コノサイ,コノサイ
当年,1314,1314,5202,名詞,副詞可能,*,*,*,*,当年,トウネン,トーネン
あとあと,1314,1314,6347,名詞,副詞可能,*,*,*,*,あとあと,アトアト,アトアト
昨今,1314,1314,5196,名詞,副詞可能,*,*,*,*,昨今,サッコン,サッコン
同夜,1314,1314,4467,名詞,副詞可能,*,*,*,*,同夜,ドウヤ,ドーヤ
数々,1314,1314,4200,名詞,副詞可能,*,*,*,*,数々,カズカズ,カズカズ
一昨昨日,1314,1314,4046,名詞,副詞可能,*,*,*,*,一昨昨日,サキオトトイ,サキオトトイ
半,1314,1314,11036,名詞,副詞可能,*,*,*,*,半,ハン,ハン
此の前,1314,1314,5287,名詞,副詞可能,*,*,*,*,此の前,コノマエ,コノマエ
明晩,1314,1314,5221,名詞,副詞可能,*,*,*,*,明晩,ミョウバン,ミョーバン
春さき,1314,1314,5203,名詞,副詞可能,*,*,*,*,春さき,ハルサキ,ハルサキ
来年度,1314,1314,5946,名詞,副詞可能,*,*,*,*,来年度,ライネンド,ライネンド
金曜,1314,1314,5357,名詞,副詞可能,*,*,*,*,金曜,キンヨウ,キンヨー
間近,1314,1314,3815,名詞,副詞可能,*,*,*,*,間近,マヂカ,マジカ
世々,1314,1314,5221,名詞,副詞可能,*,*,*,*,世々,ヨヨ,ヨヨ
即日,1314,1314,4841,名詞,副詞可能,*,*,*,*,即日,ソクジツ,ソクジツ
昨月,1314,1314,5221,名詞,副詞可能,*,*,*,*,昨月,サクゲツ,サクゲツ
朝方,1314,1314,5153,名詞,副詞可能,*,*,*,*,朝方,アサガタ,アサガタ
大概,1314,1314,5022,名詞,副詞可能,*,*,*,*,大概,タイガイ,タイガイ
術後,1314,1314,5221,名詞,副詞可能,*,*,*,*,術後,ジュツゴ,ジュツゴ
寸分,1314,1314,5221,名詞,副詞可能,*,*,*,*,寸分,スンブン,スンブン
一足,1314,1314,4371,名詞,副詞可能,*,*,*,*,一足,イッソク,イッソク
このあいだ,1314,1314,6452,名詞,副詞可能,*,*,*,*,このあいだ,コノアイダ,コノアイダ
その他,1314,1314,5313,名詞,副詞可能,*,*,*,*,その他,ソノタ,ソノタ
一筆,1314,1314,3777,名詞,副詞可能,*,*,*,*,一筆,イッピツ,イッピツ
代々,1314,1314,5180,名詞,副詞可能,*,*,*,*,代々,ダイダイ,ダイダイ
朝夕,1314,1314,4994,名詞,副詞可能,*,*,*,*,朝夕,アサユウ,アサユー
少時,1314,1314,4726,名詞,副詞可能,*,*,*,*,少時,ショウジ,ショージ
百方,1314,1314,4046,名詞,副詞可能,*,*,*,*,百方,ヒャッポウ,ヒャッポー
午后,1314,1314,4980,名詞,副詞可能,*,*,*,*,午后,ゴゴ,ゴゴ
大略,1314,1314,5221,名詞,副詞可能,*,*,*,*,大略,タイリャク,タイリャク
途次,1314,1314,5223,名詞,副詞可能,*,*,*,*,途次,トジ,トジ
今期,1314,1314,5632,名詞,副詞可能,*,*,*,*,今期,コンキ,コンキ
昼前,1314,1314,5563,名詞,副詞可能,*,*,*,*,昼前,ヒルマエ,ヒルマエ
客冬,1314,1314,4926,名詞,副詞可能,*,*,*,*,客冬,カクトウ,カクトー
殆ど,1314,1314,4757,名詞,副詞可能,*,*,*,*,殆ど,ホトンド,ホトンド
昼間,1314,1314,4958,名詞,副詞可能,*,*,*,*,昼間,ヒルマ,ヒルマ
百代,1314,1314,4046,名詞,副詞可能,*,*,*,*,百代,ヒャクダイ,ヒャクダイ
一回,1314,1314,6282,名詞,副詞可能,*,*,*,*,一回,イッカイ,イッカイ
火曜,1314,1314,5002,名詞,副詞可能,*,*,*,*,火曜,カヨウ,カヨー
最期,1314,1314,5275,名詞,副詞可能,*,*,*,*,最期,サイゴ,サイゴ
一国,1314,1314,10462,名詞,副詞可能,*,*,*,*,一国,イッコク,イッコク
さなか,1314,1314,6270,名詞,副詞可能,*,*,*,*,さなか,サナカ,サナカ
今朝,1314,1314,4794,名詞,副詞可能,*,*,*,*,今朝,ケサ,ケサ
今朝,1314,1314,5596,名詞,副詞可能,*,*,*,*,今朝,コンチョウ,コンチョー
春夏秋冬,1314,1314,5279,名詞,副詞可能,*,*,*,*,春夏秋冬,シュンカシュウトウ,シュンカシュートー
朝晩,1314,1314,5221,名詞,副詞可能,*,*,*,*,朝晩,アサバン,アサバン
戦時,1314,1314,6740,名詞,副詞可能,*,*,*,*,戦時,センジ,センジ
数等,1314,1314,5852,名詞,副詞可能,*,*,*,*,数等,スウトウ,スートー
昼中,1314,1314,5221,名詞,副詞可能,*,*,*,*,昼中,ヒルナカ,ヒルナカ
年々,1314,1314,3504,名詞,副詞可能,*,*,*,*,年々,ネンネン,ネンネン
当時,1314,1314,2298,名詞,副詞可能,*,*,*,*,当時,トウジ,トージ
時季,1314,1314,4566,名詞,副詞可能,*,*,*,*,時季,ジキ,ジキ
十中八九,1314,1314,4046,名詞,副詞可能,*,*,*,*,十中八九,ジュッチュウハック,ジュッチューハック
十中八九,1314,1314,4046,名詞,副詞可能,*,*,*,*,十中八九,ジッチュウハック,ジッチューハック
今晩,1314,1314,5175,名詞,副詞可能,*,*,*,*,今晩,コンバン,コンバン
永年,1314,1314,4522,名詞,副詞可能,*,*,*,*,永年,エイネン,エイネン
永年,1314,1314,5828,名詞,副詞可能,*,*,*,*,永年,ナガネン,ナガネン
一層,1314,1314,5420,名詞,副詞可能,*,*,*,*,一層,イッソウ,イッソー
直接,1314,1314,3792,名詞,副詞可能,*,*,*,*,直接,チョクセツ,チョクセツ
各人,1314,1314,5566,名詞,副詞可能,*,*,*,*,各人,カクジン,カクジン
その頃,1314,1314,6348,名詞,副詞可能,*,*,*,*,その頃,ソノコロ,ソノコロ
日毎,1314,1314,5221,名詞,副詞可能,*,*,*,*,日毎,ヒゴト,ヒゴト
ねこそぎ,1314,1314,6348,名詞,副詞可能,*,*,*,*,ねこそぎ,ネコソギ,ネコソギ
処々,1314,1314,5152,名詞,副詞可能,*,*,*,*,処々,トコロドコロ,トコロドコロ
此の先,1314,1314,5422,名詞,副詞可能,*,*,*,*,此の先,コノサキ,コノサキ
昨日今日,1314,1314,5221,名詞,副詞可能,*,*,*,*,昨日今日,キノウキョウ,キノーキョー
方々,1314,1314,6816,名詞,副詞可能,*,*,*,*,方々,ホウボウ,ホーボー
夜来,1314,1314,5223,名詞,副詞可能,*,*,*,*,夜来,ヤライ,ヤライ
きのう,1314,1314,5621,名詞,副詞可能,*,*,*,*,きのう,キノウ,キノー
夜々,1314,1314,5221,名詞,副詞可能,*,*,*,*,夜々,ヨヨ,ヨヨ
毎時,1314,1314,5654,名詞,副詞可能,*,*,*,*,毎時,マイジ,マイジ
今時,1314,1314,5172,名詞,副詞可能,*,*,*,*,今時,イマドキ,イマドキ
この方,1314,1314,7034,名詞,副詞可能,*,*,*,*,この方,コノカタ,コノカタ
一瞬,1314,1314,4044,名詞,副詞可能,*,*,*,*,一瞬,イッシュン,イッシュン
頃日,1314,1314,5221,名詞,副詞可能,*,*,*,*,頃日,ケイジツ,ケイジツ
一昨日,1314,1314,4046,名詞,副詞可能,*,*,*,*,一昨日,オトトイ,オトトイ
八月,1314,1314,2787,名詞,副詞可能,*,*,*,*,八月,ハチガツ,ハチガツ
当夜,1314,1314,5393,名詞,副詞可能,*,*,*,*,当夜,トウヤ,トーヤ
折,1314,1314,6454,名詞,副詞可能,*,*,*,*,折,オリ,オリ
帰りがけ,1314,1314,5221,名詞,副詞可能,*,*,*,*,帰りがけ,カエリガケ,カエリガケ
ついたち,1314,1314,6348,名詞,副詞可能,*,*,*,*,ついたち,ツイタチ,ツイタチ
少量,1314,1314,4393,名詞,副詞可能,*,*,*,*,少量,ショウリョウ,ショーリョー
初頭,1314,1314,3323,名詞,副詞可能,*,*,*,*,初頭,ショトウ,ショトー
先晩,1314,1314,5279,名詞,副詞可能,*,*,*,*,先晩,センバン,センバン
初日,1314,1314,5002,名詞,副詞可能,*,*,*,*,初日,ショニチ,ショニチ
明後日,1314,1314,4802,名詞,副詞可能,*,*,*,*,明後日,ミョウゴニチ,ミョーゴニチ
明後日,1314,1314,5606,名詞,副詞可能,*,*,*,*,明後日,アサッテ,アサッテ
毎食,1314,1314,5221,名詞,副詞可能,*,*,*,*,毎食,マイショク,マイショク
昨年,1314,1314,4275,名詞,副詞可能,*,*,*,*,昨年,サクネン,サクネン
年初来,1314,1314,5221,名詞,副詞可能,*,*,*,*,年初来,ネンショライ,ネンショライ
瞬時,1314,1314,4750,名詞,副詞可能,*,*,*,*,瞬時,シュンジ,シュンジ
誠意,1314,1314,3113,名詞,副詞可能,*,*,*,*,誠意,セイイ,セイイ
千古,1314,1314,4046,名詞,副詞可能,*,*,*,*,千古,センコ,センコ
自ら,1314,1314,5213,名詞,副詞可能,*,*,*,*,自ら,ミズカラ,ミズカラ
翌朝,1314,1314,4702,名詞,副詞可能,*,*,*,*,翌朝,ヨクアサ,ヨクアサ
翌朝,1314,1314,4969,名詞,副詞可能,*,*,*,*,翌朝,ヨクチョウ,ヨクチョー
時余,1314,1314,5221,名詞,副詞可能,*,*,*,*,時余,ジヨ,ジヨ
年来,1314,1314,5155,名詞,副詞可能,*,*,*,*,年来,ネンライ,ネンライ
毎年,1314,1314,2340,名詞,副詞可能,*,*,*,*,毎年,マイトシ,マイトシ
毎年,1314,1314,8047,名詞,副詞可能,*,*,*,*,毎年,マイネン,マイネン
途中,1314,1314,3847,名詞,副詞可能,*,*,*,*,途中,トチュウ,トチュー
代代,1314,1314,5221,名詞,副詞可能,*,*,*,*,代代,ダイダイ,ダイダイ
いったん,1314,1314,7694,名詞,副詞可能,*,*,*,*,いったん,イッタン,イッタン
以前,1314,1314,5278,名詞,副詞可能,*,*,*,*,以前,イゼン,イゼン
昨日,1314,1314,4942,名詞,副詞可能,*,*,*,*,昨日,キノウ,キノー
毎秒,1314,1314,5678,名詞,副詞可能,*,*,*,*,毎秒,マイビョウ,マイビョー
毎月,1314,1314,5195,名詞,副詞可能,*,*,*,*,毎月,マイツキ,マイツキ
食前,1314,1314,4945,名詞,副詞可能,*,*,*,*,食前,ショクゼン,ショクゼン
当今,1314,1314,5175,名詞,副詞可能,*,*,*,*,当今,トウコン,トーコン
毎期,1314,1314,5221,名詞,副詞可能,*,*,*,*,毎期,マイキ,マイキ
紀元前,1314,1314,4857,名詞,副詞可能,*,*,*,*,紀元前,キゲンゼン,キゲンゼン
こん度,1314,1314,6300,名詞,副詞可能,*,*,*,*,こん度,コンド,コンド
以上,1314,1314,7350,名詞,副詞可能,*,*,*,*,以上,イジョウ,イジョー
あと,1314,1314,6788,名詞,副詞可能,*,*,*,*,あと,アト,アト
夕方,1314,1314,4414,名詞,副詞可能,*,*,*,*,夕方,ユウガタ,ユーガタ
一転,1314,1314,3868,名詞,副詞可能,*,*,*,*,一転,イッテン,イッテン
ひと頃,1314,1314,6348,名詞,副詞可能,*,*,*,*,ひと頃,ヒトコロ,ヒトコロ
一斉,1314,1314,1783,名詞,副詞可能,*,*,*,*,一斉,イッセイ,イッセイ
当歳,1314,1314,5221,名詞,副詞可能,*,*,*,*,当歳,トウサイ,トーサイ
前夜,1314,1314,3999,名詞,副詞可能,*,*,*,*,前夜,ゼンヤ,ゼンヤ
年年,1314,1314,4976,名詞,副詞可能,*,*,*,*,年年,ネンネン,ネンネン
一時,1314,1314,1227,名詞,副詞可能,*,*,*,*,一時,イチジ,イチジ
一時,1314,1314,4515,名詞,副詞可能,*,*,*,*,一時,ヒトトキ,ヒトトキ
おととい,1314,1314,6348,名詞,副詞可能,*,*,*,*,おととい,オトトイ,オトトイ
平年,1314,1314,4968,名詞,副詞可能,*,*,*,*,平年,ヘイネン,ヘイネン
方今,1314,1314,5221,名詞,副詞可能,*,*,*,*,方今,ホウコン,ホーコン
天性,1314,1314,5546,名詞,副詞可能,*,*,*,*,天性,テンセイ,テンセイ
五分,1314,1314,5485,名詞,副詞可能,*,*,*,*,五分,ゴブ,ゴブ
一度,1314,1314,7307,名詞,副詞可能,*,*,*,*,一度,イチド,イチド
復路,1314,1314,5422,名詞,副詞可能,*,*,*,*,復路,フクロ,フクロ
曰く,1314,1314,5218,名詞,副詞可能,*,*,*,*,曰く,イワク,イワク
途上,1314,1314,4087,名詞,副詞可能,*,*,*,*,途上,トジョウ,トジョー
当節,1314,1314,5221,名詞,副詞可能,*,*,*,*,当節,トウセツ,トーセツ
早秋,1314,1314,5221,名詞,副詞可能,*,*,*,*,早秋,ソウシュウ,ソーシュー
かたわら,1314,1314,6336,名詞,副詞可能,*,*,*,*,かたわら,カタワラ,カタワラ
今月,1314,1314,4789,名詞,副詞可能,*,*,*,*,今月,コンゲツ,コンゲツ
今夕,1314,1314,5060,名詞,副詞可能,*,*,*,*,今夕,コンユウ,コンユー
月頃,1314,1314,5221,名詞,副詞可能,*,*,*,*,月頃,ツキゴロ,ツキゴロ
出会い頭,1314,1314,5221,名詞,副詞可能,*,*,*,*,出会い頭,デアイガシラ,デアイガシラ
水無月,1314,1314,5221,名詞,副詞可能,*,*,*,*,水無月,ミナヅキ,ミナズキ
旧来,1314,1314,5583,名詞,副詞可能,*,*,*,*,旧来,キュウライ,キューライ
夜分,1314,1314,5221,名詞,副詞可能,*,*,*,*,夜分,ヤブン,ヤブン
下旬,1314,1314,4245,名詞,副詞可能,*,*,*,*,下旬,ゲジュン,ゲジュン
刻下,1314,1314,4491,名詞,副詞可能,*,*,*,*,刻下,コッカ,コッカ
翌月,1314,1314,5206,名詞,副詞可能,*,*,*,*,翌月,ヨクゲツ,ヨクゲツ
夜毎,1314,1314,5221,名詞,副詞可能,*,*,*,*,夜毎,ヨゴト,ヨゴト
ほうぼう,1314,1314,6672,名詞,副詞可能,*,*,*,*,ほうぼう,ホウボウ,ホーボー
金曜日,1314,1314,5023,名詞,副詞可能,*,*,*,*,金曜日,キンヨウビ,キンヨービ
文字通り,1314,1314,3332,名詞,副詞可能,*,*,*,*,文字通り,モジドオリ,モジドーリ
寒中,1314,1314,5221,名詞,副詞可能,*,*,*,*,寒中,カンチュウ,カンチュー
同期,1314,1314,1880,名詞,副詞可能,*,*,*,*,同期,ドウキ,ドーキ
本初,1314,1314,5319,名詞,副詞可能,*,*,*,*,本初,ホンショ,ホンショ
昨夕,1314,1314,5221,名詞,副詞可能,*,*,*,*,昨夕,サクユウ,サクユー
初め,1314,1314,3029,名詞,副詞可能,*,*,*,*,初め,ハジメ,ハジメ
客臘,1314,1314,5221,名詞,副詞可能,*,*,*,*,客臘,カクロウ,カクロー
満都,1314,1314,5221,名詞,副詞可能,*,*,*,*,満都,マント,マント
居常,1314,1314,5221,名詞,副詞可能,*,*,*,*,居常,キョジョウ,キョジョー
今冬,1314,1314,5184,名詞,副詞可能,*,*,*,*,今冬,コントウ,コントー
上旬,1314,1314,4866,名詞,副詞可能,*,*,*,*,上旬,ジョウジュン,ジョージュン
遠く,1314,1314,5489,名詞,副詞可能,*,*,*,*,遠く,トオク,トーク
一晩,1314,1314,5110,名詞,副詞可能,*,*,*,*,一晩,ヒトバン,ヒトバン
あした,1314,1314,5784,名詞,副詞可能,*,*,*,*,あした,アシタ,アシタ
秋涼,1314,1314,5212,名詞,副詞可能,*,*,*,*,秋涼,シュウリョウ,シューリョー
あす,1314,1314,6832,名詞,副詞可能,*,*,*,*,あす,アス,アス
帰路,1314,1314,5394,名詞,副詞可能,*,*,*,*,帰路,キロ,キロ
白昼,1314,1314,5221,名詞,副詞可能,*,*,*,*,白昼,ハクチュウ,ハクチュー
常時,1314,1314,5215,名詞,副詞可能,*,*,*,*,常時,ジョウジ,ジョージ
９月,1314,1314,2467,名詞,副詞可能,*,*,*,*,９月,クガツ,クガツ
この先,1314,1314,7755,名詞,副詞可能,*,*,*,*,この先,コノサキ,コノサキ
その後,1314,1314,1747,名詞,副詞可能,*,*,*,*,その後,ソノゴ,ソノゴ
半年,1314,1314,1872,名詞,副詞可能,*,*,*,*,半年,ハントシ,ハントシ
夜中,1314,1314,5479,名詞,副詞可能,*,*,*,*,夜中,ヨナカ,ヨナカ
倍量,1314,1314,5207,名詞,副詞可能,*,*,*,*,倍量,バイリョウ,バイリョー
一再,1314,1314,3949,名詞,副詞可能,*,*,*,*,一再,イッサイ,イッサイ
月末,1314,1314,8865,名詞,副詞可能,*,*,*,*,月末,ゲツマツ,ゲツマツ
こないだ,1314,1314,6348,名詞,副詞可能,*,*,*,*,こないだ,コナイダ,コナイダ
平素,1314,1314,5425,名詞,副詞可能,*,*,*,*,平素,ヘイソ,ヘイソ
一首,1314,1314,5369,名詞,副詞可能,*,*,*,*,一首,イッシュ,イッシュ
方方,1314,1314,5545,名詞,副詞可能,*,*,*,*,方方,ホウボウ,ホーボー
一銭,1314,1314,4742,名詞,副詞可能,*,*,*,*,一銭,イッセン,イッセン
全て,1314,1314,5007,名詞,副詞可能,*,*,*,*,全て,スベテ,スベテ
即刻,1314,1314,5201,名詞,副詞可能,*,*,*,*,即刻,ソッコク,ソッコク
ひととき,1314,1314,7052,名詞,副詞可能,*,*,*,*,ひととき,ヒトトキ,ヒトトキ
先年,1314,1314,5217,名詞,副詞可能,*,*,*,*,先年,センネン,センネン
先月,1314,1314,4929,名詞,副詞可能,*,*,*,*,先月,センゲツ,センゲツ
際,1314,1314,7036,名詞,副詞可能,*,*,*,*,際,サイ,サイ
後来,1314,1314,5196,名詞,副詞可能,*,*,*,*,後来,コウライ,コーライ
一朝,1314,1314,4228,名詞,副詞可能,*,*,*,*,一朝,イッチョウ,イッチョー
万古,1314,1314,4046,名詞,副詞可能,*,*,*,*,万古,バンコ,バンコ
さきおととい,1314,1314,6348,名詞,副詞可能,*,*,*,*,さきおととい,サキオトトイ,サキオトトイ
幼時,1314,1314,5344,名詞,副詞可能,*,*,*,*,幼時,ヨウジ,ヨージ
別れ際,1314,1314,5158,名詞,副詞可能,*,*,*,*,別れ際,ワカレギワ,ワカレギワ
さきおととし,1314,1314,6348,名詞,副詞可能,*,*,*,*,さきおととし,サキオトトシ,サキオトトシ
相当,1314,1314,6357,名詞,副詞可能,*,*,*,*,相当,ソウトウ,ソートー
毎回,1314,1314,5188,名詞,副詞可能,*,*,*,*,毎回,マイカイ,マイカイ
真最中,1314,1314,5149,名詞,副詞可能,*,*,*,*,真最中,マッサイチュウ,マッサイチュー
午前,1314,1314,4802,名詞,副詞可能,*,*,*,*,午前,ゴゼン,ゴゼン
日,1314,1314,7973,名詞,副詞可能,*,*,*,*,日,ヒ,ヒ
万代,1314,1314,4041,名詞,副詞可能,*,*,*,*,万代,バンダイ,バンダイ
毎日,1314,1314,4483,名詞,副詞可能,*,*,*,*,毎日,マイニチ,マイニチ
同年,1314,1314,2647,名詞,副詞可能,*,*,*,*,同年,ドウネン,ドーネン
終年,1314,1314,5138,名詞,副詞可能,*,*,*,*,終年,シュウネン,シューネン
先日,1314,1314,3470,名詞,副詞可能,*,*,*,*,先日,センジツ,センジツ
此の間,1314,1314,5325,名詞,副詞可能,*,*,*,*,此の間,コノアイダ,コノアイダ
此の間,1314,1314,5120,名詞,副詞可能,*,*,*,*,此の間,コノカン,コノカン
一糸,1314,1314,3908,名詞,副詞可能,*,*,*,*,一糸,イッシ,イッシ
一番,1314,1314,1943,名詞,副詞可能,*,*,*,*,一番,イチバン,イチバン
今時分,1314,1314,5221,名詞,副詞可能,*,*,*,*,今時分,イマジブン,イマジブン
この度,1314,1314,6596,名詞,副詞可能,*,*,*,*,この度,コノタビ,コノタビ
当初,1314,1314,3358,名詞,副詞可能,*,*,*,*,当初,トウショ,トーショ
１１月,1314,1314,1071,名詞,副詞可能,*,*,*,*,１１月,ジュウイチガツ,ジューイチガツ
此の程,1314,1314,5051,名詞,副詞可能,*,*,*,*,此の程,コノホド,コノホド
上期,1314,1314,4208,名詞,副詞可能,*,*,*,*,上期,カミキ,カミキ
一頃,1314,1314,4046,名詞,副詞可能,*,*,*,*,一頃,ヒトコロ,ヒトコロ
今暁,1314,1314,5221,名詞,副詞可能,*,*,*,*,今暁,コンギョウ,コンギョー
それぞれ,1314,1314,3964,名詞,副詞可能,*,*,*,*,それぞれ,ソレゾレ,ソレゾレ
毎夕,1314,1314,5221,名詞,副詞可能,*,*,*,*,毎夕,マイユウ,マイユー
しあさって,1314,1314,6348,名詞,副詞可能,*,*,*,*,しあさって,シアサッテ,シアサッテ
日頃,1314,1314,4954,名詞,副詞可能,*,*,*,*,日頃,ヒゴロ,ヒゴロ
一発,1314,1314,6062,名詞,副詞可能,*,*,*,*,一発,イッパツ,イッパツ
夜長,1314,1314,5175,名詞,副詞可能,*,*,*,*,夜長,ヨナガ,ヨナガ
明け暮れ,1314,1314,5221,名詞,副詞可能,*,*,*,*,明け暮れ,アケクレ,アケクレ
中旬,1314,1314,4821,名詞,副詞可能,*,*,*,*,中旬,チュウジュン,チュージュン
ぜんたい,1314,1314,6183,名詞,副詞可能,*,*,*,*,ぜんたい,ゼンタイ,ゼンタイ
五月,1314,1314,2027,名詞,副詞可能,*,*,*,*,五月,ゴガツ,ゴガツ
夕,1314,1314,3378,名詞,副詞可能,*,*,*,*,夕,ユウ,ユー
夕,1314,1314,6211,名詞,副詞可能,*,*,*,*,夕,ユウベ,ユーベ
一挙,1314,1314,3292,名詞,副詞可能,*,*,*,*,一挙,イッキョ,イッキョ
独力,1314,1314,5221,名詞,副詞可能,*,*,*,*,独力,ドクリョク,ドクリョク
先先,1314,1314,5151,名詞,副詞可能,*,*,*,*,先先,サキザキ,サキザキ
頃おい,1314,1314,5221,名詞,副詞可能,*,*,*,*,頃おい,コロオイ,コロオイ
ともども,1314,1314,6081,名詞,副詞可能,*,*,*,*,ともども,トモドモ,トモドモ
末々,1314,1314,5221,名詞,副詞可能,*,*,*,*,末々,スエズエ,スエズエ
半時,1314,1314,5221,名詞,副詞可能,*,*,*,*,半時,ハントキ,ハントキ
史上,1314,1314,7445,名詞,副詞可能,*,*,*,*,史上,シジョウ,シジョー
時刻,1314,1314,5768,名詞,副詞可能,*,*,*,*,時刻,ジコク,ジコク
半夜,1314,1314,5221,名詞,副詞可能,*,*,*,*,半夜,ハンヤ,ハンヤ
不断,1314,1314,5072,名詞,副詞可能,*,*,*,*,不断,フダン,フダン
ひと回り,1314,1314,6096,名詞,副詞可能,*,*,*,*,ひと回り,ヒトマワリ,ヒトマワリ
目下,1314,1314,4455,名詞,副詞可能,*,*,*,*,目下,モッカ,モッカ
宵の口,1314,1314,5221,名詞,副詞可能,*,*,*,*,宵の口,ヨイノクチ,ヨイノクチ
当期,1314,1314,5323,名詞,副詞可能,*,*,*,*,当期,トウキ,トーキ
直前,1314,1314,7230,名詞,副詞可能,*,*,*,*,直前,チョクゼン,チョクゼン
昨週,1314,1314,5355,名詞,副詞可能,*,*,*,*,昨週,サクシュウ,サクシュー
鎧袖一触,1314,1314,5221,名詞,副詞可能,*,*,*,*,鎧袖一触,ガイシュウイッショク,ガイシューイッショク
旦夕,1314,1314,5221,名詞,副詞可能,*,*,*,*,旦夕,タンセキ,タンセキ
先程,1314,1314,5292,名詞,副詞可能,*,*,*,*,先程,サキホド,サキホド
十二月,1314,1314,-1153,名詞,副詞可能,*,*,*,*,十二月,ジュウニガツ,ジューニガツ
生生世世,1314,1314,5221,名詞,副詞可能,*,*,*,*,生生世世,ショウジョウセゼ,ショージョーセゼ
刹那,1314,1314,5223,名詞,副詞可能,*,*,*,*,刹那,セツナ,セツナ
夜夜,1314,1314,5221,名詞,副詞可能,*,*,*,*,夜夜,ヨヨ,ヨヨ
のち,1314,1314,6244,名詞,副詞可能,*,*,*,*,のち,ノチ,ノチ
千里,1314,1314,4177,名詞,副詞可能,*,*,*,*,千里,センリ,センリ
たかだか,1314,1314,5768,名詞,副詞可能,*,*,*,*,たかだか,タカダカ,タカダカ
一夕,1314,1314,4169,名詞,副詞可能,*,*,*,*,一夕,イッセキ,イッセキ
今頃,1314,1314,5920,名詞,副詞可能,*,*,*,*,今頃,イマゴロ,イマゴロ
七生,1314,1314,4046,名詞,副詞可能,*,*,*,*,七生,シチショウ,シチショー
後日,1314,1314,5000,名詞,副詞可能,*,*,*,*,後日,ゴジツ,ゴジツ
どさくさ,1314,1314,6348,名詞,副詞可能,*,*,*,*,どさくさ,ドサクサ,ドサクサ
一遍,1314,1314,3946,名詞,副詞可能,*,*,*,*,一遍,イッペン,イッペン
２月,1314,1314,4277,名詞,副詞可能,*,*,*,*,２月,ニガツ,ニガツ
全日,1314,1314,5692,名詞,副詞可能,*,*,*,*,全日,ゼンジツ,ゼンジツ
当月,1314,1314,5221,名詞,副詞可能,*,*,*,*,当月,トウゲツ,トーゲツ
日曜,1314,1314,3954,名詞,副詞可能,*,*,*,*,日曜,ニチヨウ,ニチヨー
前年,1314,1314,2456,名詞,副詞可能,*,*,*,*,前年,ゼンネン,ゼンネン
多年,1314,1314,5223,名詞,副詞可能,*,*,*,*,多年,タネン,タネン
例日,1314,1314,5221,名詞,副詞可能,*,*,*,*,例日,レイジツ,レイジツ
爾後,1314,1314,5218,名詞,副詞可能,*,*,*,*,爾後,ジゴ,ジゴ
日曜日,1314,1314,5211,名詞,副詞可能,*,*,*,*,日曜日,ニチヨウビ,ニチヨービ
後年,1314,1314,5788,名詞,副詞可能,*,*,*,*,後年,コウネン,コーネン
まま,1314,1314,9053,名詞,副詞可能,*,*,*,*,まま,ママ,ママ
今ごろ,1314,1314,8932,名詞,副詞可能,*,*,*,*,今ごろ,イマゴロ,イマゴロ
一月,1314,1314,4955,名詞,副詞可能,*,*,*,*,一月,イチガツ,イチガツ
真っ昼間,1314,1314,5221,名詞,副詞可能,*,*,*,*,真っ昼間,マッピルマ,マッピルマ
十一月,1314,1314,-26,名詞,副詞可能,*,*,*,*,十一月,ジュウイチガツ,ジューイチガツ
後世,1314,1314,5895,名詞,副詞可能,*,*,*,*,後世,コウセイ,コーセイ
せんだって,1314,1314,6194,名詞,副詞可能,*,*,*,*,せんだって,センダッテ,センダッテ
夜間,1314,1314,6568,名詞,副詞可能,*,*,*,*,夜間,ヤカン,ヤカン
二三,1314,1314,4243,名詞,副詞可能,*,*,*,*,二三,ニサン,ニサン
休日,1314,1314,4532,名詞,副詞可能,*,*,*,*,休日,キュウジツ,キュージツ
一両,1314,1314,4367,名詞,副詞可能,*,*,*,*,一両,イチリョウ,イチリョー
中間,1314,1314,6496,名詞,副詞可能,*,*,*,*,中間,チュウカン,チューカン
内心,1314,1314,5316,名詞,副詞可能,*,*,*,*,内心,ナイシン,ナイシン
日々,1314,1314,3104,名詞,副詞可能,*,*,*,*,日々,ヒビ,ヒビ
後刻,1314,1314,5224,名詞,副詞可能,*,*,*,*,後刻,ゴコク,ゴコク
通り,1314,1314,6125,名詞,副詞可能,*,*,*,*,通り,トオリ,トーリ
多数,1314,1314,1774,名詞,副詞可能,*,*,*,*,多数,タスウ,タスー
日夜,1314,1314,7789,名詞,副詞可能,*,*,*,*,日夜,ニチヤ,ニチヤ
輓近,1314,1314,4997,名詞,副詞可能,*,*,*,*,輓近,バンキン,バンキン
昨年来,1314,1314,5197,名詞,副詞可能,*,*,*,*,昨年来,サクネンライ,サクネンライ
未明,1314,1314,4752,名詞,副詞可能,*,*,*,*,未明,ミメイ,ミメイ
年中,1314,1314,4970,名詞,副詞可能,*,*,*,*,年中,ネンジュウ,ネンジュー
このほど,1314,1314,3025,名詞,副詞可能,*,*,*,*,このほど,コノホド,コノホド
畢生,1314,1314,5221,名詞,副詞可能,*,*,*,*,畢生,ヒッセイ,ヒッセイ
例年,1314,1314,6762,名詞,副詞可能,*,*,*,*,例年,レイネン,レイネン
最初,1314,1314,7415,名詞,副詞可能,*,*,*,*,最初,サイショ,サイショ
通常,1314,1314,7262,名詞,副詞可能,*,*,*,*,通常,ツウジョウ,ツージョー
月曜,1314,1314,5366,名詞,副詞可能,*,*,*,*,月曜,ゲツヨウ,ゲツヨー
１月,1314,1314,4338,名詞,副詞可能,*,*,*,*,１月,イチガツ,イチガツ
ほか,1314,1314,2277,名詞,副詞可能,*,*,*,*,ほか,ホカ,ホカ
二月,1314,1314,3467,名詞,副詞可能,*,*,*,*,二月,ニガツ,ニガツ
毎週,1314,1314,5119,名詞,副詞可能,*,*,*,*,毎週,マイシュウ,マイシュー
朔,1314,1314,5221,名詞,副詞可能,*,*,*,*,朔,ツイタチ,ツイタチ
客歳,1314,1314,5221,名詞,副詞可能,*,*,*,*,客歳,カクサイ,カクサイ
長期間,1314,1314,4809,名詞,副詞可能,*,*,*,*,長期間,チョウキカン,チョーキカン
同月,1314,1314,4731,名詞,副詞可能,*,*,*,*,同月,ドウゲツ,ドーゲツ
前月,1314,1314,6203,名詞,副詞可能,*,*,*,*,前月,ゼンゲツ,ゼンゲツ
末末,1314,1314,5221,名詞,副詞可能,*,*,*,*,末末,スエズエ,スエズエ
週末,1314,1314,3497,名詞,副詞可能,*,*,*,*,週末,シュウマツ,シューマツ
七月,1314,1314,2118,名詞,副詞可能,*,*,*,*,七月,シチガツ,シチガツ
きのふ,1314,1314,6348,名詞,副詞可能,*,*,*,*,きのふ,キノフ,キノー
晩夏,1314,1314,5484,名詞,副詞可能,*,*,*,*,晩夏,バンカ,バンカ
終日,1314,1314,3410,名詞,副詞可能,*,*,*,*,終日,シュウジツ,シュージツ
終日,1314,1314,5987,名詞,副詞可能,*,*,*,*,終日,ヒネモス,ヒネモス
精一杯,1314,1314,5220,名詞,副詞可能,*,*,*,*,精一杯,セイイッパイ,セイイッパイ
満場,1314,1314,5232,名詞,副詞可能,*,*,*,*,満場,マンジョウ,マンジョー
余日,1314,1314,5221,名詞,副詞可能,*,*,*,*,余日,ヨジツ,ヨジツ
今年度,1314,1314,3568,名詞,副詞可能,*,*,*,*,今年度,コンネンド,コンネンド
水曜日,1314,1314,5119,名詞,副詞可能,*,*,*,*,水曜日,スイヨウビ,スイヨービ
揚句,1314,1314,5221,名詞,副詞可能,*,*,*,*,揚句,アゲク,アゲク
先度,1314,1314,5292,名詞,副詞可能,*,*,*,*,先度,センド,センド
三月,1314,1314,2223,名詞,副詞可能,*,*,*,*,三月,サンガツ,サンガツ
結構,1314,1314,6923,名詞,副詞可能,*,*,*,*,結構,ケッコウ,ケッコー
挙げ句,1314,1314,5221,名詞,副詞可能,*,*,*,*,挙げ句,アゲク,アゲク
車中,1314,1314,5352,名詞,副詞可能,*,*,*,*,車中,シャチュウ,シャチュー
一夜さ,1314,1314,4046,名詞,副詞可能,*,*,*,*,一夜さ,ヒトヨサ,ヒトヨサ
現在,1314,1314,4303,名詞,副詞可能,*,*,*,*,現在,ゲンザイ,ゲンザイ
一拍,1314,1314,4034,名詞,副詞可能,*,*,*,*,一拍,イッパク,イッパク
昼,1314,1314,3708,名詞,副詞可能,*,*,*,*,昼,ヒル,ヒル
各員,1314,1314,5483,名詞,副詞可能,*,*,*,*,各員,カクイン,カクイン
先の日,1314,1314,5221,名詞,副詞可能,*,*,*,*,先の日,サキノヒ,サキノヒ
今さら,1314,1314,5217,名詞,副詞可能,*,*,*,*,今さら,イマサラ,イマサラ
隙々,1314,1314,5221,名詞,副詞可能,*,*,*,*,隙々,ヒマヒマ,ヒマヒマ
特段,1314,1314,5520,名詞,副詞可能,*,*,*,*,特段,トクダン,トクダン
おととし,1314,1314,6986,名詞,副詞可能,*,*,*,*,おととし,オトトシ,オトトシ
その日,1314,1314,10096,名詞,副詞可能,*,*,*,*,その日,ソノヒ,ソノヒ
昼過ぎ,1314,1314,5084,名詞,副詞可能,*,*,*,*,昼過ぎ,ヒルスギ,ヒルスギ
日常,1314,1314,6537,名詞,副詞可能,*,*,*,*,日常,ニチジョウ,ニチジョー
城内,1314,1314,6134,名詞,副詞可能,*,*,*,*,城内,ジョウナイ,ジョーナイ
病後,1314,1314,5241,名詞,副詞可能,*,*,*,*,病後,ビョウゴ,ビョーゴ
昨夜,1314,1314,5182,名詞,副詞可能,*,*,*,*,昨夜,サクヤ,サクヤ
過去,1314,1314,5395,名詞,副詞可能,*,*,*,*,過去,カコ,カコ
毎晩,1314,1314,5195,名詞,副詞可能,*,*,*,*,毎晩,マイバン,マイバン
毎度,1314,1314,5221,名詞,副詞可能,*,*,*,*,毎度,マイド,マイド
真個,1314,1314,5305,名詞,副詞可能,*,*,*,*,真個,シンコ,シンコ
世世,1314,1314,5221,名詞,副詞可能,*,*,*,*,世世,ヨヨ,ヨヨ
先ごろ,1314,1314,4393,名詞,副詞可能,*,*,*,*,先ごろ,サキゴロ,サキゴロ
大体,1314,1314,3890,名詞,副詞可能,*,*,*,*,大体,ダイタイ,ダイタイ
明くる日,1314,1314,5221,名詞,副詞可能,*,*,*,*,明くる日,アクルヒ,アクルヒ
昼休み,1314,1314,5731,名詞,副詞可能,*,*,*,*,昼休み,ヒルヤスミ,ヒルヤスミ
以往,1314,1314,4915,名詞,副詞可能,*,*,*,*,以往,イオウ,イオー
様,1314,1314,8218,名詞,副詞可能,*,*,*,*,様,ヨウ,ヨー
陸路,1314,1314,5221,名詞,副詞可能,*,*,*,*,陸路,リクロ,リクロ
元三,1314,1314,5222,名詞,副詞可能,*,*,*,*,元三,ガンザン,ガンザン
七日,1314,1314,6848,名詞,副詞可能,*,*,*,*,七日,ナノカ,ナノカ
暇々,1314,1314,5221,名詞,副詞可能,*,*,*,*,暇々,ヒマヒマ,ヒマヒマ
前期,1314,1314,6912,名詞,副詞可能,*,*,*,*,前期,ゼンキ,ゼンキ
世界一,1314,1314,3139,名詞,副詞可能,*,*,*,*,世界一,セカイイチ,セカイイチ
今宵,1314,1314,5214,名詞,副詞可能,*,*,*,*,今宵,コヨイ,コヨイ
本来,1314,1314,2826,名詞,副詞可能,*,*,*,*,本来,ホンライ,ホンライ
近時,1314,1314,5222,名詞,副詞可能,*,*,*,*,近時,キンジ,キンジ
昨朝,1314,1314,5221,名詞,副詞可能,*,*,*,*,昨朝,サクチョウ,サクチョー
幾年,1314,1314,5214,名詞,副詞可能,*,*,*,*,幾年,イクトセ,イクトセ
ことし,1314,1314,5984,名詞,副詞可能,*,*,*,*,ことし,コトシ,コトシ
おかげ,1314,1314,7888,名詞,副詞可能,*,*,*,*,おかげ,オカゲ,オカゲ
真冬,1314,1314,5459,名詞,副詞可能,*,*,*,*,真冬,マフユ,マフユ
旧年,1314,1314,5221,名詞,副詞可能,*,*,*,*,旧年,キュウネン,キューネン
この前,1314,1314,6805,名詞,副詞可能,*,*,*,*,この前,コノマエ,コノマエ
過般,1314,1314,5260,名詞,副詞可能,*,*,*,*,過般,カハン,カハン
日中,1314,1314,11909,名詞,副詞可能,*,*,*,*,日中,ニッチュウ,ニッチュー
方,1314,1314,11173,名詞,副詞可能,*,*,*,*,方,ホウ,ホー
生涯,1314,1314,5219,名詞,副詞可能,*,*,*,*,生涯,ショウガイ,ショーガイ
空路,1314,1314,4569,名詞,副詞可能,*,*,*,*,空路,クウロ,クーロ
真っ最中,1314,1314,4712,名詞,副詞可能,*,*,*,*,真っ最中,マッサイチュウ,マッサイチュー
一昨々年,1314,1314,4046,名詞,副詞可能,*,*,*,*,一昨々年,サキオトトシ,サキオトトシ
後,1314,1314,10122,名詞,副詞可能,*,*,*,*,後,アト,アト
分,1314,1314,10695,名詞,副詞可能,*,*,*,*,分,ブン,ブン
半額,1314,1314,5236,名詞,副詞可能,*,*,*,*,半額,ハンガク,ハンガク
再度,1314,1314,5591,名詞,副詞可能,*,*,*,*,再度,サイド,サイド
あくる日,1314,1314,6348,名詞,副詞可能,*,*,*,*,あくる日,アクルヒ,アクルヒ
あげく,1314,1314,6349,名詞,副詞可能,*,*,*,*,あげく,アゲク,アゲク
六月,1314,1314,1333,名詞,副詞可能,*,*,*,*,六月,ロクガツ,ロクガツ
お昼,1314,1314,7400,名詞,副詞可能,*,*,*,*,お昼,オヒル,オヒル
結局,1314,1314,4750,名詞,副詞可能,*,*,*,*,結局,ケッキョク,ケッキョク
先々,1314,1314,4728,名詞,副詞可能,*,*,*,*,先々,サキザキ,サキザキ
絶対,1314,1314,498,名詞,副詞可能,*,*,*,*,絶対,ゼッタイ,ゼッタイ
ついで,1314,1314,5883,名詞,副詞可能,*,*,*,*,ついで,ツイデ,ツイデ
各自,1314,1314,5196,名詞,副詞可能,*,*,*,*,各自,カクジ,カクジ
一角,1314,1314,4692,名詞,副詞可能,*,*,*,*,一角,ヒトカド,ヒトカド
年初,1314,1314,5611,名詞,副詞可能,*,*,*,*,年初,ネンショ,ネンショ
晩方,1314,1314,5221,名詞,副詞可能,*,*,*,*,晩方,バンガタ,バンガタ
新年,1314,1314,4377,名詞,副詞可能,*,*,*,*,新年,シンネン,シンネン
初度,1314,1314,5221,名詞,副詞可能,*,*,*,*,初度,ショド,ショド
今度,1314,1314,4879,名詞,副詞可能,*,*,*,*,今度,コンド,コンド
正午,1314,1314,4565,名詞,副詞可能,*,*,*,*,正午,ショウゴ,ショーゴ
生前,1314,1314,5086,名詞,副詞可能,*,*,*,*,生前,セイゼン,セイゼン
旧時,1314,1314,5214,名詞,副詞可能,*,*,*,*,旧時,キュウジ,キュージ
真っすぐ,1314,1314,5185,名詞,副詞可能,*,*,*,*,真っすぐ,マッスグ,マッスグ
未来永劫,1314,1314,5221,名詞,副詞可能,*,*,*,*,未来永劫,ミライエイゴウ,ミライエイゴー
ところどころ,1314,1314,5928,名詞,副詞可能,*,*,*,*,ところどころ,トコロドコロ,トコロドコロ
明朝,1314,1314,5221,名詞,副詞可能,*,*,*,*,明朝,ミョウチョウ,ミョーチョー
去月,1314,1314,5221,名詞,副詞可能,*,*,*,*,去月,キョゲツ,キョゲツ
前年度,1314,1314,1059,名詞,副詞可能,*,*,*,*,前年度,ゼンネンド,ゼンネンド
間,1314,1314,11056,名詞,副詞可能,*,*,*,*,間,アイダ,アイダ
間,1314,1314,10462,名詞,副詞可能,*,*,*,*,間,カン,カン
一滴,1314,1314,3807,名詞,副詞可能,*,*,*,*,一滴,イッテキ,イッテキ
ひとりひとり,1314,1314,6340,名詞,副詞可能,*,*,*,*,ひとりひとり,ヒトリヒトリ,ヒトリヒトリ
程,1314,1314,7114,名詞,副詞可能,*,*,*,*,程,ホド,ホド
末,1314,1314,6189,名詞,副詞可能,*,*,*,*,末,スエ,スエ
末,1314,1314,6643,名詞,副詞可能,*,*,*,*,末,マツ,マツ
７月,1314,1314,2709,名詞,副詞可能,*,*,*,*,７月,シチガツ,シチガツ
昨年度,1314,1314,5095,名詞,副詞可能,*,*,*,*,昨年度,サクネンド,サクネンド
随分,1314,1314,5650,名詞,副詞可能,*,*,*,*,随分,ズイブン,ズイブン
始め,1314,1314,4728,名詞,副詞可能,*,*,*,*,始め,ハジメ,ハジメ
偶然,1314,1314,3137,名詞,副詞可能,*,*,*,*,偶然,グウゼン,グーゼン
日日,1314,1314,5037,名詞,副詞可能,*,*,*,*,日日,ヒビ,ヒビ
近日,1314,1314,4734,名詞,副詞可能,*,*,*,*,近日,キンジツ,キンジツ
今秋,1314,1314,4990,名詞,副詞可能,*,*,*,*,今秋,コンシュウ,コンシュー
十月,1314,1314,3671,名詞,副詞可能,*,*,*,*,十月,ジュウガツ,ジューガツ
月々,1314,1314,5639,名詞,副詞可能,*,*,*,*,月々,ツキヅキ,ツキズキ
毎号,1314,1314,5221,名詞,副詞可能,*,*,*,*,毎号,マイゴウ,マイゴー
毎夜,1314,1314,5206,名詞,副詞可能,*,*,*,*,毎夜,マイヨ,マイヨ
来秋,1314,1314,5154,名詞,副詞可能,*,*,*,*,来秋,ライシュウ,ライシュー
先週,1314,1314,4581,名詞,副詞可能,*,*,*,*,先週,センシュウ,センシュー
昼日中,1314,1314,5221,名詞,副詞可能,*,*,*,*,昼日中,ヒルヒナカ,ヒルヒナカ
随時,1314,1314,5266,名詞,副詞可能,*,*,*,*,随時,ズイジ,ズイジ
隔日,1314,1314,5127,名詞,副詞可能,*,*,*,*,隔日,カクジツ,カクジツ
当季,1314,1314,5197,名詞,副詞可能,*,*,*,*,当季,トウキ,トーキ
大昔,1314,1314,5203,名詞,副詞可能,*,*,*,*,大昔,オオムカシ,オームカシ
みな,1314,1314,6913,名詞,副詞可能,*,*,*,*,みな,ミナ,ミナ
四月,1314,1314,4070,名詞,副詞可能,*,*,*,*,四月,シガツ,シガツ
同日,1314,1314,2865,名詞,副詞可能,*,*,*,*,同日,ドウジツ,ドージツ
幾とせ,1314,1314,5172,名詞,副詞可能,*,*,*,*,幾とせ,イクトセ,イクトセ
最近,1314,1314,3412,名詞,副詞可能,*,*,*,*,最近,サイキン,サイキン
亡き後,1314,1314,5197,名詞,副詞可能,*,*,*,*,亡き後,ナキアト,ナキアト
半月,1314,1314,5582,名詞,副詞可能,*,*,*,*,半月,ハンツキ,ハンツキ
最中,1314,1314,3253,名詞,副詞可能,*,*,*,*,最中,サイチュウ,サイチュー
普段,1314,1314,3562,名詞,副詞可能,*,*,*,*,普段,フダン,フダン
あさって,1314,1314,6447,名詞,副詞可能,*,*,*,*,あさって,アサッテ,アサッテ
真昼間,1314,1314,5221,名詞,副詞可能,*,*,*,*,真昼間,マッピルマ,マッピルマ
連日,1314,1314,5149,名詞,副詞可能,*,*,*,*,連日,レンジツ,レンジツ
どおり,1314,1314,6279,名詞,副詞可能,*,*,*,*,どおり,ドオリ,ドーリ
こんど,1314,1314,6299,名詞,副詞可能,*,*,*,*,こんど,コンド,コンド
鋭意,1314,1314,5221,名詞,副詞可能,*,*,*,*,鋭意,エイイ,エイイ
初冬,1314,1314,4881,名詞,副詞可能,*,*,*,*,初冬,ショトウ,ショトー
凡て,1314,1314,5007,名詞,副詞可能,*,*,*,*,凡て,スベテ,スベテ
半道,1314,1314,5221,名詞,副詞可能,*,*,*,*,半道,ハンミチ,ハンミチ
前,1314,1314,3275,名詞,副詞可能,*,*,*,*,前,マエ,マエ
前,1314,1314,9950,名詞,副詞可能,*,*,*,*,前,ゼン,ゼン
雨下,1314,1314,5302,名詞,副詞可能,*,*,*,*,雨下,ウカ,ウカ
適宜,1314,1314,3625,名詞,副詞可能,*,*,*,*,適宜,テキギ,テキギ
終生,1314,1314,5302,名詞,副詞可能,*,*,*,*,終生,シュウセイ,シューセイ
隔週,1314,1314,5459,名詞,副詞可能,*,*,*,*,隔週,カクシュウ,カクシュー
後々,1314,1314,5213,名詞,副詞可能,*,*,*,*,後々,アトアト,アトアト
揚げ句,1314,1314,5222,名詞,副詞可能,*,*,*,*,揚げ句,アゲク,アゲク
旧冬,1314,1314,5317,名詞,副詞可能,*,*,*,*,旧冬,キュウトウ,キュートー
当日,1314,1314,3981,名詞,副詞可能,*,*,*,*,当日,トウジツ,トージツ
一部,1314,1314,463,名詞,副詞可能,*,*,*,*,一部,イチブ,イチブ
諸共,1314,1314,5221,名詞,副詞可能,*,*,*,*,諸共,モロトモ,モロトモ
今週,1314,1314,3948,名詞,副詞可能,*,*,*,*,今週,コンシュウ,コンシュー
軒並み,1314,1314,4058,名詞,副詞可能,*,*,*,*,軒並み,ノキナミ,ノキナミ
今般,1314,1314,5221,名詞,副詞可能,*,*,*,*,今般,コンパン,コンパン
一切,1314,1314,2098,名詞,副詞可能,*,*,*,*,一切,イッサイ,イッサイ
半期,1314,1314,6688,名詞,副詞可能,*,*,*,*,半期,ハンキ,ハンキ
日ごろ,1314,1314,5744,名詞,副詞可能,*,*,*,*,日ごろ,ヒゴロ,ヒゴロ
この際,1314,1314,7115,名詞,副詞可能,*,*,*,*,この際,コノサイ,コノサイ
当面,1314,1314,4366,名詞,副詞可能,*,*,*,*,当面,トウメン,トーメン
先刻,1314,1314,5221,名詞,副詞可能,*,*,*,*,先刻,センコク,センコク
月旦,1314,1314,5221,名詞,副詞可能,*,*,*,*,月旦,ゲッタン,ゲッタン
古代,1314,1314,6183,名詞,副詞可能,*,*,*,*,古代,コダイ,コダイ
１０月,1314,1314,2842,名詞,副詞可能,*,*,*,*,１０月,ジュウガツ,ジューガツ
終世,1314,1314,5278,名詞,副詞可能,*,*,*,*,終世,シュウセイ,シューセイ
行く末,1314,1314,4734,名詞,副詞可能,*,*,*,*,行く末,ユクスエ,ユクスエ
冬期,1314,1314,5197,名詞,副詞可能,*,*,*,*,冬期,トウキ,トーキ
長日,1314,1314,5221,名詞,副詞可能,*,*,*,*,長日,チョウジツ,チョージツ
三時,1314,1314,2818,名詞,副詞可能,*,*,*,*,三時,サンジ,サンジ
いまどき,1314,1314,6870,名詞,副詞可能,*,*,*,*,いまどき,イマドキ,イマドキ
月央,1314,1314,5221,名詞,副詞可能,*,*,*,*,月央,ゲツオウ,ゲツオー
一歩,1314,1314,8622,名詞,副詞可能,*,*,*,*,一歩,イッポ,イッポ
今日,1314,1314,4263,名詞,副詞可能,*,*,*,*,今日,キョウ,キョー
今日,1314,1314,5290,名詞,副詞可能,*,*,*,*,今日,コンニチ,コンニチ
今夜,1314,1314,5092,名詞,副詞可能,*,*,*,*,今夜,コンヤ,コンヤ
